setting,ch0,ch1,ch2,p_mev,sigma_mev,n_cal,ok
high,1,1,1,490.69,20.96,12,0
high,1,1,2,451.71,29.28,52,1
high,1,1,3,422.82,26.06,100,1
high,1,1,4,395.47,24.03,167,1
high,1,1,5,371.44,21.31,126,1
high,1,1,6,345.84,20.49,64,1
high,1,1,7,324.80,21.76,25,1
high,1,1,8,318.04,9.80,5,0
high,1,2,3,479.29,44.12,9,0
high,1,2,4,438.20,23.13,39,1
high,1,2,5,407.58,24.54,97,1
high,1,2,6,379.54,20.66,123,1
high,1,2,7,351.07,18.40,90,1
high,1,2,8,333.84,20.82,29,1
high,1,2,9,311.18,18.25,18,1
high,1,3,5,437.04,22.03,14,0
high,1,3,6,411.07,24.37,49,1
high,1,3,7,384.08,23.15,102,1
high,1,3,8,359.19,20.05,117,1
high,1,3,9,337.38,18.58,81,1
high,1,3,10,314.70,16.12,31,1
high,1,3,11,304.27,15.84,9,0
high,1,4,7,398.96,24.62,17,1
high,1,4,8,390.73,21.20,73,1
high,1,4,9,363.14,18.52,97,1
high,1,4,10,339.84,19.31,122,1
high,1,4,11,323.01,19.45,75,1
high,1,4,12,304.77,15.89,33,1
high,1,4,13,288.35,12.07,8,0
high,1,5,9,396.52,24.67,36,1
high,1,5,10,371.62,23.82,79,1
high,1,5,11,350.08,19.58,102,1
high,1,5,12,325.58,19.62,91,1
high,1,5,13,307.19,14.12,43,1
high,1,5,14,288.96,14.08,17,1
high,1,5,15,277.98,4.00,6,0
high,1,6,10,369.77,37.47,7,0
high,1,6,11,377.17,16.84,27,1
high,1,6,12,355.43,22.12,76,1
high,1,6,13,334.32,15.98,87,1
high,1,6,14,314.70,19.57,80,1
high,1,6,15,299.63,15.47,38,1
high,1,6,16,277.62,18.55,17,1
high,1,7,12,377.78,25.43,13,0
high,1,7,13,356.93,16.72,54,1
high,1,7,14,336.81,19.87,74,1
high,1,7,15,318.00,16.96,89,1
high,1,7,16,302.74,15.69,57,1
high,1,7,17,288.14,14.80,29,1
high,1,7,18,279.22,8.65,10,0
high,1,8,14,351.35,18.18,12,0
high,1,8,15,338.45,16.67,52,1
high,1,8,16,317.99,15.86,89,1
high,1,8,17,304.57,15.53,80,1
high,1,8,18,290.20,15.27,53,1
high,1,8,19,272.11,15.26,24,1
high,1,8,20,265.57,11.38,10,0
high,1,9,15,360.10,39.23,9,0
high,1,9,16,345.42,17.97,24,1
high,1,9,17,322.11,16.88,55,1
high,1,9,18,309.22,14.31,82,1
high,1,9,19,290.98,14.78,74,1
high,1,9,20,277.79,14.26,51,1
high,1,9,21,264.29,9.27,14,0
high,1,9,22,260.57,9.70,6,0
high,1,10,17,354.18,13.91,6,0
high,1,10,18,330.10,16.96,38,1
high,1,10,19,313.58,15.76,69,1
high,1,10,20,299.44,15.40,73,1
high,1,10,21,282.69,13.81,67,1
high,1,10,22,263.91,13.36,35,1
high,1,10,23,251.28,11.01,19,1
high,1,10,24,253.83,11.09,5,0
high,1,11,19,332.60,9.86,8,0
high,1,11,20,318.61,16.59,48,1
high,1,11,21,301.49,16.76,62,1
high,1,11,22,286.33,14.20,76,1
high,1,11,23,270.03,13.11,43,1
high,1,11,24,262.49,9.62,25,1
high,1,11,25,251.02,7.83,12,0
high,1,12,21,323.47,15.53,14,0
high,1,12,22,304.33,17.16,45,1
high,1,12,23,289.20,14.34,72,1
high,1,12,24,276.86,13.38,68,1
high,1,12,25,264.04,12.92,40,1
high,1,12,26,260.00,16.00,17,1
high,1,12,27,241.22,15.19,7,0
high,1,13,23,313.43,12.04,21,1
high,1,13,24,292.52,13.35,49,1
high,1,13,25,280.35,12.32,69,1
high,1,13,26,263.27,13.24,57,1
high,1,13,27,253.49,11.37,48,1
high,1,13,28,246.13,24.68,19,1
high,1,13,29,232.28,10.05,14,0
high,1,14,24,309.89,14.79,9,0
high,1,14,25,293.92,14.18,27,1
high,1,14,26,283.39,13.13,46,1
high,1,14,27,266.07,13.42,61,1
high,1,14,28,259.96,13.70,63,1
high,1,14,29,248.03,11.69,29,1
high,1,14,30,239.13,13.65,21,1
high,1,14,31,240.99,14.97,9,0
high,1,15,26,296.42,29.42,15,1
high,1,15,27,281.76,15.34,30,1
high,1,15,28,268.52,14.84,48,1
high,1,15,29,262.67,12.60,59,1
high,1,15,30,253.18,13.63,49,1
high,1,15,31,237.35,9.95,28,1
high,1,15,32,231.63,13.17,12,0
high,1,15,33,216.49,17.89,5,0
high,1,16,27,288.12,29.70,5,0
high,1,16,28,279.32,12.95,9,0
high,1,16,29,274.32,12.86,33,1
high,1,16,30,263.94,11.87,66,1
high,1,16,31,251.12,13.57,68,1
high,1,16,32,240.93,10.91,41,1
high,1,16,33,231.44,12.64,46,1
high,1,16,34,207.53,12.48,9,0
high,1,17,29,264.31,26.74,5,0
high,1,17,30,277.20,11.25,20,1
high,1,17,31,263.87,13.39,41,1
high,1,17,32,253.94,12.38,54,1
high,1,17,33,240.74,13.00,92,1
high,1,17,34,225.15,9.60,36,1
high,1,17,35,211.35,9.98,8,0
high,1,18,31,282.99,8.45,7,0
high,1,18,32,265.31,10.50,27,1
high,1,18,33,250.95,13.81,95,1
high,1,18,34,231.90,14.24,78,1
high,1,18,35,216.33,10.45,21,1
high,1,19,33,260.30,14.02,39,1
high,1,19,34,244.49,13.23,87,1
high,1,19,35,225.46,11.39,70,1
high,1,19,36,208.89,9.00,25,1
high,1,20,33,271.47,10.73,5,0
high,1,20,34,252.52,10.86,41,1
high,1,20,35,237.63,12.70,88,1
high,1,20,36,222.65,11.36,54,1
high,1,20,37,209.06,11.28,14,0
high,1,21,35,245.58,10.89,41,1
high,1,21,36,230.34,10.72,90,1
high,1,21,37,217.58,12.86,51,1
high,1,21,38,203.62,13.34,11,0
high,1,22,35,256.29,12.20,6,0
high,1,22,36,240.03,11.35,53,1
high,1,22,37,223.54,11.04,96,1
high,1,22,38,211.25,10.31,60,1
high,1,22,39,207.21,12.53,18,1
high,1,23,36,250.16,12.30,7,0
high,1,23,37,233.26,11.09,54,1
high,1,23,38,217.65,11.50,88,1
high,1,23,39,208.89,9.06,33,1
high,1,23,40,188.72,4.11,8,0
high,1,24,37,244.94,11.22,11,0
high,1,24,38,228.43,12.34,69,1
high,1,24,39,213.73,9.58,86,1
high,1,24,40,200.55,8.75,48,1
high,1,24,41,190.87,13.48,8,0
high,1,25,38,222.93,13.64,19,1
high,1,25,39,226.02,11.42,88,1
high,1,25,40,212.91,9.21,135,1
high,1,25,41,200.94,12.61,102,1
high,1,25,42,192.85,7.19,40,1
high,1,25,43,183.67,9.80,8,0
high,1,26,39,228.00,20.50,6,0
high,1,26,40,221.42,12.60,25,1
high,1,26,41,210.63,10.24,111,1
high,1,26,42,203.27,10.24,128,1
high,1,26,43,193.82,10.02,96,1
high,1,26,44,184.85,10.24,21,1
high,1,26,45,179.03,9.50,7,0
high,1,27,42,212.27,12.61,48,1
high,1,27,43,204.74,11.39,108,1
high,1,27,44,193.65,9.68,113,1
high,1,27,45,186.17,9.47,55,1
high,1,27,46,179.11,13.36,23,1
high,1,27,47,170.51,6.76,5,0
high,1,28,43,215.29,7.11,11,0
high,1,28,44,202.41,10.02,59,1
high,1,28,45,194.47,11.04,100,1
high,1,28,46,187.45,9.54,107,1
high,1,28,47,178.99,9.92,61,1
high,1,28,48,169.83,6.42,14,0
high,1,29,45,205.36,14.67,12,0
high,1,29,46,193.01,9.74,55,1
high,1,29,47,189.28,9.13,95,1
high,1,29,48,180.83,9.16,83,1
high,1,29,49,174.75,10.98,41,1
high,1,29,50,163.95,8.36,19,1
high,1,30,47,193.77,10.38,20,1
high,1,30,48,188.01,9.39,72,1
high,1,30,49,182.17,8.26,88,1
high,1,30,50,173.98,9.40,65,1
high,1,30,51,166.67,8.46,41,1
high,1,30,52,156.63,9.26,13,0
high,1,30,53,159.53,12.39,7,0
high,1,31,49,189.68,9.93,23,1
high,1,31,50,181.47,9.69,75,1
high,1,31,51,174.74,9.07,93,1
high,1,31,52,170.09,7.90,53,1
high,1,31,53,161.75,9.91,28,1
high,1,31,54,152.46,5.35,10,0
high,1,32,50,190.61,8.66,8,0
high,1,32,51,180.95,9.26,37,1
high,1,32,52,176.24,8.75,70,1
high,1,32,53,170.09,7.18,69,1
high,1,32,54,163.36,8.70,63,1
high,1,32,55,160.57,7.99,23,1
high,1,32,56,152.64,9.96,15,1
high,1,33,52,183.06,9.04,22,1
high,1,33,53,175.02,8.66,43,1
high,1,33,54,171.90,7.71,87,1
high,1,33,55,166.21,8.94,115,1
high,1,33,56,161.84,8.50,102,1
high,1,33,57,156.94,8.46,137,1
high,1,33,58,147.75,7.78,24,1
high,1,33,59,133.22,13.05,10,0
high,1,34,56,168.76,7.03,27,1
high,1,34,57,163.44,8.40,156,1
high,1,34,58,155.41,7.44,209,1
high,1,34,59,146.20,10.78,113,1
high,1,35,58,162.70,9.68,53,1
high,1,35,59,151.97,8.96,375,1
high,2,1,1,501.31,30.38,123,1
high,2,1,2,461.32,34.18,254,1
high,2,1,3,428.54,30.00,293,1
high,2,1,4,396.47,27.16,225,1
high,2,1,5,372.20,23.23,102,1
high,2,1,6,355.03,25.82,26,1
high,2,2,2,519.95,28.65,21,1
high,2,2,3,475.53,30.24,106,1
high,2,2,4,445.27,29.60,223,1
high,2,2,5,406.34,26.13,254,1
high,2,2,6,380.42,21.99,189,1
high,2,2,7,353.47,17.73,71,1
high,2,2,8,336.63,22.95,22,1
high,2,2,9,321.38,21.06,6,0
high,2,3,4,492.59,35.12,33,1
high,2,3,5,451.21,28.17,112,1
high,2,3,6,415.66,25.95,222,1
high,2,3,7,386.88,28.20,244,1
high,2,3,8,358.68,18.99,126,1
high,2,3,9,340.87,17.51,50,1
high,2,3,10,325.59,20.80,15,1
high,2,4,5,490.85,40.92,7,0
high,2,4,6,448.96,31.31,41,1
high,2,4,7,420.66,26.61,141,1
high,2,4,8,390.09,24.70,227,1
high,2,4,9,367.68,22.05,184,1
high,2,4,10,345.75,19.64,78,1
high,2,4,11,327.14,18.28,34,1
high,2,4,12,309.38,12.68,11,0
high,2,5,7,460.66,27.27,13,0
high,2,5,8,427.94,24.86,63,1
high,2,5,9,399.50,24.08,169,1
high,2,5,10,373.79,20.04,207,1
high,2,5,11,351.11,17.11,158,1
high,2,5,12,332.12,22.29,69,1
high,2,5,13,312.30,16.39,25,1
high,2,5,14,299.22,15.00,10,0
high,2,6,9,429.33,28.89,20,1
high,2,6,10,403.10,26.23,80,1
high,2,6,11,380.23,20.59,163,1
high,2,6,12,358.07,19.24,211,1
high,2,6,13,334.39,17.13,130,1
high,2,6,14,313.66,16.38,63,1
high,2,6,15,298.58,15.72,24,1
high,2,6,16,287.80,35.37,9,0
high,2,7,11,410.10,19.83,32,1
high,2,7,12,382.68,19.11,99,1
high,2,7,13,361.38,19.40,181,1
high,2,7,14,338.65,19.70,186,1
high,2,7,15,319.46,16.60,103,1
high,2,7,16,298.48,13.98,40,1
high,2,7,17,289.42,14.11,10,0
high,2,8,13,383.59,24.20,43,1
high,2,8,14,365.80,21.74,110,1
high,2,8,15,341.68,18.93,184,1
high,2,8,16,321.40,17.25,151,1
high,2,8,17,308.95,17.66,103,1
high,2,8,18,289.47,16.00,38,1
high,2,8,19,291.18,18.24,7,0
high,2,9,14,389.46,15.57,10,0
high,2,9,15,372.83,18.13,62,1
high,2,9,16,347.56,19.12,144,1
high,2,9,17,331.16,17.14,189,1
high,2,9,18,310.67,16.37,135,1
high,2,9,19,290.87,14.22,78,1
high,2,9,20,284.10,14.67,26,1
high,2,10,16,379.98,19.01,21,1
high,2,10,17,353.91,20.28,83,1
high,2,10,18,332.72,19.84,124,1
high,2,10,19,314.89,14.50,156,1
high,2,10,20,301.26,15.56,113,1
high,2,10,21,284.64,15.82,53,1
high,2,10,22,274.96,14.88,30,1
high,2,10,23,268.71,15.27,7,0
high,2,11,17,362.09,37.26,7,0
high,2,11,18,355.82,22.58,26,1
high,2,11,19,337.88,17.03,88,1
high,2,11,20,318.02,17.36,133,1
high,2,11,21,303.87,17.45,160,1
high,2,11,22,286.64,16.53,96,1
high,2,11,23,278.88,21.81,45,1
high,2,11,24,264.94,20.34,21,1
high,2,12,19,393.49,92.28,8,0
high,2,12,20,340.45,17.15,46,1
high,2,12,21,320.48,15.65,92,1
high,2,12,22,306.74,14.05,144,1
high,2,12,23,292.87,14.96,138,1
high,2,12,24,277.77,15.20,70,1
high,2,12,25,265.98,15.25,39,1
high,2,12,26,255.87,7.75,8,0
high,2,12,27,254.93,28.80,6,0
high,2,13,21,342.59,18.73,10,0
high,2,13,22,323.35,16.94,40,1
high,2,13,23,313.75,14.32,105,1
high,2,13,24,295.13,15.97,144,1
high,2,13,25,282.18,12.30,114,1
high,2,13,26,268.50,14.85,67,1
high,2,13,27,259.15,16.70,30,1
high,2,13,28,244.85,16.77,12,0
high,2,14,23,325.95,18.63,19,1
high,2,14,24,313.45,19.50,62,1
high,2,14,25,298.27,15.13,106,1
high,2,14,26,285.34,14.36,121,1
high,2,14,27,271.11,16.46,116,1
high,2,14,28,259.12,12.46,59,1
high,2,14,29,242.47,12.76,17,1
high,2,14,30,242.23,14.60,9,0
high,2,15,24,347.64,18.83,8,0
high,2,15,25,314.20,13.05,28,1
high,2,15,26,301.33,13.79,67,1
high,2,15,27,288.77,14.38,110,1
high,2,15,28,274.11,12.47,150,1
high,2,15,29,262.40,11.61,90,1
high,2,15,30,251.65,12.10,49,1
high,2,15,31,240.27,15.82,22,1
high,2,15,32,228.86,13.02,5,0
high,2,16,26,308.68,16.05,7,0
high,2,16,27,304.89,14.79,32,1
high,2,16,28,284.04,15.30,70,1
high,2,16,29,275.02,13.91,104,1
high,2,16,30,264.29,14.45,119,1
high,2,16,31,255.00,12.89,72,1
high,2,16,32,243.80,12.62,34,1
high,2,16,33,237.03,14.20,19,1
high,2,17,28,300.30,17.89,17,1
high,2,17,29,293.75,16.76,40,1
high,2,17,30,279.36,14.25,83,1
high,2,17,31,269.93,12.84,121,1
high,2,17,32,257.23,13.63,113,1
high,2,17,33,242.34,13.95,109,1
high,2,17,34,227.39,12.16,17,1
high,2,18,29,294.09,26.05,8,0
high,2,18,30,288.84,19.09,19,1
high,2,18,31,281.24,17.72,50,1
high,2,18,32,269.78,11.88,92,1
high,2,18,33,256.42,16.39,236,1
high,2,18,34,235.38,10.52,67,1
high,2,18,35,215.20,19.76,12,0
high,2,19,31,296.41,13.97,7,0
high,2,19,32,282.09,15.30,27,1
high,2,19,33,266.76,33.58,156,1
high,2,19,34,248.63,12.96,178,1
high,2,19,35,230.83,12.10,68,1
high,2,19,36,223.08,15.19,11,0
high,2,20,33,275.53,15.07,36,1
high,2,20,34,258.26,13.11,175,1
high,2,20,35,240.31,11.88,176,1
high,2,20,36,222.81,11.07,50,1
high,2,20,37,212.72,7.22,8,0
high,2,21,34,268.72,12.88,56,1
high,2,21,35,250.75,13.03,178,1
high,2,21,36,234.59,12.43,149,1
high,2,21,37,220.78,11.46,55,1
high,2,21,38,209.22,11.65,10,0
high,2,22,34,267.10,17.56,6,0
high,2,22,35,260.75,15.99,63,1
high,2,22,36,244.31,13.15,193,1
high,2,22,37,227.08,10.81,131,1
high,2,22,38,211.70,11.41,38,1
high,2,22,39,211.17,20.99,7,0
high,2,23,35,268.27,13.95,12,0
high,2,23,36,249.36,12.48,66,1
high,2,23,37,237.04,11.81,175,1
high,2,23,38,222.06,10.84,110,1
high,2,23,39,210.51,12.34,33,1
high,2,23,40,202.70,16.76,10,0
high,2,24,36,262.36,9.57,12,0
high,2,24,37,242.23,14.24,96,1
high,2,24,38,231.60,12.16,140,1
high,2,24,39,215.83,11.99,100,1
high,2,24,40,204.03,10.97,32,1
high,2,24,41,183.86,7.35,5,0
high,2,25,37,258.80,21.26,20,1
high,2,25,38,239.27,13.34,105,1
high,2,25,39,226.08,12.15,279,1
high,2,25,40,215.38,11.10,213,1
high,2,25,41,203.93,9.19,93,1
high,2,25,42,195.69,20.46,24,1
high,2,25,43,189.44,18.53,7,0
high,2,26,39,240.23,13.27,31,1
high,2,26,40,228.74,12.09,146,1
high,2,26,41,217.62,11.05,247,1
high,2,26,42,205.24,11.64,194,1
high,2,26,43,195.58,9.33,80,1
high,2,26,44,184.09,14.71,16,1
high,2,27,40,239.54,8.61,6,0
high,2,27,41,232.23,12.52,51,1
high,2,27,42,217.27,12.19,185,1
high,2,27,43,208.40,10.20,259,1
high,2,27,44,198.22,10.49,143,1
high,2,27,45,190.64,11.17,60,1
high,2,27,46,183.82,11.13,19,1
high,2,28,42,239.39,13.54,8,0
high,2,28,43,218.72,11.48,77,1
high,2,28,44,207.46,10.38,174,1
high,2,28,45,199.13,11.01,219,1
high,2,28,46,192.77,8.78,121,1
high,2,28,47,181.59,9.84,45,1
high,2,29,44,214.22,17.44,20,1
high,2,29,45,207.10,10.09,80,1
high,2,29,46,199.24,9.58,201,1
high,2,29,47,191.01,10.02,203,1
high,2,29,48,183.42,9.35,124,1
high,2,29,49,174.71,8.36,34,1
high,2,29,50,163.37,6.06,11,0
high,2,30,46,206.14,12.40,22,1
high,2,30,47,200.06,9.87,106,1
high,2,30,48,191.63,9.56,204,1
high,2,30,49,183.67,9.13,157,1
high,2,30,50,176.99,7.94,92,1
high,2,30,51,168.67,8.45,22,1
high,2,30,52,165.65,10.92,5,0
high,2,31,47,199.10,16.73,9,0
high,2,31,48,199.26,11.07,39,1
high,2,31,49,194.01,10.59,115,1
high,2,31,50,184.51,9.02,211,1
high,2,31,51,177.40,8.48,110,1
high,2,31,52,169.40,7.77,68,1
high,2,31,53,162.98,8.07,22,1
high,2,31,54,161.31,6.89,5,0
high,2,32,49,193.46,14.77,6,0
high,2,32,50,190.47,9.38,52,1
high,2,32,51,185.38,8.72,120,1
high,2,32,52,179.42,9.07,167,1
high,2,32,53,171.94,9.32,131,1
high,2,32,54,165.46,8.07,52,1
high,2,32,55,159.55,9.40,16,1
high,2,32,56,157.76,12.31,11,0
high,2,32,57,155.11,9.17,5,0
high,2,33,51,194.39,19.82,15,1
high,2,33,52,183.53,8.96,67,1
high,2,33,53,179.47,10.90,147,1
high,2,33,54,174.66,8.89,232,1
high,2,33,55,170.13,8.48,214,1
high,2,33,56,166.40,8.97,170,1
high,2,33,57,158.02,9.37,122,1
high,2,33,58,148.87,9.58,15,1
high,2,33,59,139.98,22.51,5,0
high,2,34,54,173.03,13.19,11,0
high,2,34,55,176.93,9.37,30,1
high,2,34,56,174.54,9.75,98,1
high,2,34,57,166.15,8.09,363,1
high,2,34,58,158.81,9.34,323,1
high,2,34,59,148.63,10.48,129,1
high,2,35,57,169.80,14.85,15,1
high,2,35,58,164.28,9.13,147,1
high,2,35,59,155.08,8.85,839,1
high,3,1,1,508.56,39.70,332,1
high,3,1,2,463.96,33.65,344,1
high,3,1,3,427.42,28.56,248,1
high,3,1,4,399.45,24.99,85,1
high,3,1,5,376.86,24.78,22,1
high,3,1,6,338.27,7.27,5,0
high,3,2,1,589.57,57.82,25,1
high,3,2,2,517.25,34.77,95,1
high,3,2,3,472.22,32.00,270,1
high,3,2,4,439.60,37.66,287,1
high,3,2,5,405.61,25.03,198,1
high,3,2,6,379.55,28.80,84,1
high,3,2,7,369.13,44.12,13,0
high,3,2,8,356.99,50.10,5,0
high,3,3,2,551.54,113.65,7,0
high,3,3,3,523.89,43.74,41,1
high,3,3,4,487.81,29.91,135,1
high,3,3,5,448.61,27.51,228,1
high,3,3,6,413.46,26.51,246,1
high,3,3,7,387.18,23.01,129,1
high,3,3,8,357.16,19.23,57,1
high,3,3,9,333.10,19.81,12,0
high,3,4,4,543.83,75.83,10,0
high,3,4,5,489.30,39.80,68,1
high,3,4,6,453.19,28.41,136,1
high,3,4,7,418.80,25.09,228,1
high,3,4,8,390.31,24.60,205,1
high,3,4,9,363.25,19.08,91,1
high,3,4,10,341.39,21.82,32,1
high,3,4,11,322.52,24.50,10,0
high,3,5,6,513.29,35.86,10,0
high,3,5,7,464.61,28.67,69,1
high,3,5,8,430.64,26.93,154,1
high,3,5,9,397.71,22.01,251,1
high,3,5,10,371.19,22.04,177,1
high,3,5,11,346.97,19.63,83,1
high,3,5,12,333.54,22.10,23,1
high,3,5,13,312.20,38.80,9,0
high,3,6,8,464.12,37.92,18,1
high,3,6,9,431.56,26.88,84,1
high,3,6,10,407.08,25.19,183,1
high,3,6,11,379.40,21.34,249,1
high,3,6,12,351.00,17.59,142,1
high,3,6,13,330.43,18.68,66,1
high,3,6,14,312.79,16.86,17,1
high,3,7,10,433.75,28.77,44,1
high,3,7,11,411.33,26.10,101,1
high,3,7,12,381.55,22.19,179,1
high,3,7,13,359.76,20.27,201,1
high,3,7,14,336.76,19.63,128,1
high,3,7,15,320.67,22.19,50,1
high,3,7,16,296.00,14.88,14,0
high,3,8,11,450.79,16.13,8,0
high,3,8,12,414.50,26.43,35,1
high,3,8,13,387.13,20.48,119,1
high,3,8,14,364.99,21.03,186,1
high,3,8,15,341.18,19.12,167,1
high,3,8,16,325.94,21.11,95,1
high,3,8,17,310.40,20.89,29,1
high,3,8,18,287.03,18.89,14,0
high,3,8,19,263.21,15.93,6,0
high,3,9,13,438.02,27.80,18,1
high,3,9,14,400.29,23.81,83,1
high,3,9,15,370.88,19.17,147,1
high,3,9,16,348.23,19.51,197,1
high,3,9,17,328.17,15.86,149,1
high,3,9,18,311.23,17.27,74,1
high,3,9,19,292.76,15.20,28,1
high,3,9,20,267.60,7.86,6,0
high,3,10,14,429.18,18.12,6,0
high,3,10,15,397.13,29.69,19,1
high,3,10,16,375.78,22.25,85,1
high,3,10,17,352.34,19.71,154,1
high,3,10,18,333.36,17.01,187,1
high,3,10,19,315.50,16.90,117,1
high,3,10,20,300.96,16.21,63,1
high,3,10,21,282.57,15.67,20,1
high,3,10,22,277.39,17.48,5,0
high,3,11,16,406.93,26.39,7,0
high,3,11,17,377.08,30.59,36,1
high,3,11,18,357.65,19.44,101,1
high,3,11,19,338.93,18.83,169,1
high,3,11,20,317.22,21.16,165,1
high,3,11,21,302.39,13.79,103,1
high,3,11,22,287.35,17.28,56,1
high,3,11,23,279.29,13.97,15,1
high,3,12,18,376.62,33.84,9,0
high,3,12,19,364.94,18.12,50,1
high,3,12,20,336.92,17.64,101,1
high,3,12,21,325.58,18.13,165,1
high,3,12,22,305.29,16.03,146,1
high,3,12,23,290.50,13.54,84,1
high,3,12,24,279.50,13.95,29,1
high,3,12,25,263.12,19.60,10,0
high,3,13,20,362.52,20.38,10,0
high,3,13,21,345.27,17.42,63,1
high,3,13,22,327.01,17.24,133,1
high,3,13,23,308.96,16.51,148,1
high,3,13,24,295.02,14.32,137,1
high,3,13,25,278.87,15.26,79,1
high,3,13,26,262.83,12.65,18,1
high,3,13,27,251.27,15.31,11,0
high,3,14,21,349.38,29.68,6,0
high,3,14,22,349.84,16.39,32,1
high,3,14,23,328.17,16.57,55,1
high,3,14,24,312.17,16.95,120,1
high,3,14,25,298.54,15.53,134,1
high,3,14,26,282.43,12.56,109,1
high,3,14,27,273.56,13.70,64,1
high,3,14,28,258.25,14.92,26,1
high,3,14,29,249.59,25.22,8,0
high,3,15,23,345.70,31.49,13,0
high,3,15,24,321.91,15.98,22,1
high,3,15,25,315.54,15.10,90,1
high,3,15,26,303.55,15.94,143,1
high,3,15,27,287.33,14.71,120,1
high,3,15,28,275.48,13.68,94,1
high,3,15,29,263.84,12.49,50,1
high,3,15,30,252.83,14.30,20,1
high,3,16,25,342.49,17.55,6,0
high,3,16,26,320.64,15.09,41,1
high,3,16,27,306.67,14.37,90,1
high,3,16,28,288.92,14.97,134,1
high,3,16,29,276.84,13.48,124,1
high,3,16,30,267.17,25.25,85,1
high,3,16,31,255.92,12.35,36,1
high,3,16,32,236.92,6.37,9,0
high,3,17,27,312.68,22.31,16,1
high,3,17,28,319.09,87.51,53,1
high,3,17,29,294.47,16.03,110,1
high,3,17,30,280.27,12.25,113,1
high,3,17,31,269.62,11.51,90,1
high,3,17,32,256.84,12.85,61,1
high,3,17,33,247.41,20.55,42,1
high,3,18,28,335.29,25.88,6,0
high,3,18,29,308.73,11.77,32,1
high,3,18,30,294.24,17.79,67,1
high,3,18,31,284.54,12.52,111,1
high,3,18,32,270.61,12.48,123,1
high,3,18,33,254.81,11.25,143,1
high,3,18,34,240.25,12.51,33,1
high,3,18,35,234.88,24.19,5,0
high,3,19,30,299.35,27.44,15,1
high,3,19,31,301.00,18.21,18,1
high,3,19,32,284.29,14.53,75,1
high,3,19,33,265.93,14.82,213,1
high,3,19,34,247.24,12.39,122,1
high,3,19,35,238.29,23.48,35,1
high,3,20,32,302.13,12.74,14,0
high,3,20,33,277.38,14.25,111,1
high,3,20,34,258.03,12.94,229,1
high,3,20,35,244.12,12.30,93,1
high,3,20,36,224.26,12.89,14,0
high,3,21,33,293.51,14.80,18,1
high,3,21,34,268.90,14.10,111,1
high,3,21,35,251.44,13.30,204,1
high,3,21,36,233.82,12.96,95,1
high,3,21,37,214.88,10.69,18,1
high,3,22,34,278.41,18.65,25,1
high,3,22,35,260.18,12.55,136,1
high,3,22,36,244.36,12.77,183,1
high,3,22,37,228.86,13.32,77,1
high,3,22,38,213.25,12.99,17,1
high,3,23,35,270.80,13.58,31,1
high,3,23,36,252.29,13.58,129,1
high,3,23,37,235.64,11.52,156,1
high,3,23,38,223.98,11.38,49,1
high,3,23,39,210.66,12.78,8,0
high,3,24,36,265.08,16.42,37,1
high,3,24,37,247.26,12.65,165,1
high,3,24,38,231.82,10.81,172,1
high,3,24,39,218.14,12.65,47,1
high,3,24,40,202.54,13.08,15,1
high,3,25,37,256.67,16.01,65,1
high,3,25,38,241.95,12.35,218,1
high,3,25,39,231.33,12.54,317,1
high,3,25,40,218.86,13.54,144,1
high,3,25,41,206.82,11.69,51,1
high,3,25,42,180.46,11.81,8,0
high,3,26,38,245.62,28.93,12,0
high,3,26,39,244.95,13.61,102,1
high,3,26,40,230.62,12.40,225,1
high,3,26,41,218.60,10.83,249,1
high,3,26,42,209.22,21.18,140,1
high,3,26,43,199.24,10.61,37,1
high,3,26,44,186.62,12.06,5,0
high,3,27,40,240.37,12.32,22,1
high,3,27,41,231.80,13.34,125,1
high,3,27,42,219.93,11.46,231,1
high,3,27,43,210.05,11.87,199,1
high,3,27,44,201.29,10.13,103,1
high,3,27,45,188.85,9.51,25,1
high,3,27,46,170.17,15.29,6,0
high,3,28,42,233.16,15.09,30,1
high,3,28,43,219.48,11.20,142,1
high,3,28,44,210.35,10.60,226,1
high,3,28,45,200.33,10.43,203,1
high,3,28,46,193.69,9.97,68,1
high,3,28,47,187.97,11.74,19,1
high,3,29,43,237.39,19.17,5,0
high,3,29,44,222.60,13.15,57,1
high,3,29,45,210.42,10.80,169,1
high,3,29,46,200.88,10.04,202,1
high,3,29,47,193.87,10.23,138,1
high,3,29,48,184.42,10.50,65,1
high,3,29,49,178.44,10.40,18,1
high,3,29,50,166.92,17.87,7,0
high,3,30,45,217.94,6.24,10,0
high,3,30,46,211.13,10.91,69,1
high,3,30,47,200.70,10.64,176,1
high,3,30,48,194.65,9.64,201,1
high,3,30,49,184.76,9.08,116,1
high,3,30,50,179.88,7.61,48,1
high,3,30,51,170.95,15.47,13,0
high,3,31,47,213.15,19.10,16,1
high,3,31,48,202.82,10.82,88,1
high,3,31,49,193.87,9.58,186,1
high,3,31,50,185.62,9.70,184,1
high,3,31,51,178.31,8.58,98,1
high,3,31,52,173.96,7.79,31,1
high,3,31,53,165.73,12.04,10,0
high,3,32,49,203.56,8.31,25,1
high,3,32,50,194.74,9.92,121,1
high,3,32,51,186.11,8.97,164,1
high,3,32,52,179.76,9.04,145,1
high,3,32,53,173.57,8.40,82,1
high,3,32,54,167.65,8.82,25,1
high,3,32,55,159.60,4.35,7,0
high,3,33,50,219.00,46.70,8,0
high,3,33,51,198.04,13.22,23,1
high,3,33,52,186.65,9.07,105,1
high,3,33,53,181.79,10.00,211,1
high,3,33,54,177.57,8.62,273,1
high,3,33,55,171.99,8.98,257,1
high,3,33,56,166.97,8.20,135,1
high,3,33,57,159.46,9.71,86,1
high,3,33,58,145.05,11.34,9,0
high,3,34,54,183.56,9.98,20,1
high,3,34,55,178.60,14.37,48,1
high,3,34,56,176.18,8.39,133,1
high,3,34,57,169.57,9.20,416,1
high,3,34,58,159.98,8.54,249,1
high,3,34,59,150.07,9.76,65,1
high,3,35,57,176.02,26.82,44,1
high,3,35,58,167.54,10.82,247,1
high,3,35,59,158.00,9.03,884,1
high,4,1,1,506.61,37.73,445,1
high,4,1,2,459.40,32.42,247,1
high,4,1,3,424.24,28.80,97,1
high,4,1,4,403.05,23.62,26,1
high,4,1,5,367.46,53.23,5,0
high,4,2,1,573.84,44.25,117,1
high,4,2,2,515.39,37.28,281,1
high,4,2,3,472.44,29.27,300,1
high,4,2,4,432.65,25.08,183,1
high,4,2,5,406.51,28.03,71,1
high,4,2,6,380.40,18.89,16,1
high,4,3,1,719.10,153.82,5,0
high,4,3,2,587.66,44.72,39,1
high,4,3,3,525.91,36.40,171,1
high,4,3,4,486.00,29.19,251,1
high,4,3,5,443.10,26.96,277,1
high,4,3,6,412.67,23.01,149,1
high,4,3,7,378.32,21.70,39,1
high,4,3,8,346.49,24.34,15,1
high,4,4,3,609.07,103.81,9,0
high,4,4,4,539.48,45.22,68,1
high,4,4,5,493.99,36.22,165,1
high,4,4,6,453.84,31.68,299,1
high,4,4,7,421.92,25.63,210,1
high,4,4,8,385.27,23.05,106,1
high,4,4,9,364.35,21.29,32,1
high,4,4,10,335.24,18.23,5,0
high,4,5,5,550.71,45.03,16,1
high,4,5,6,500.17,35.35,90,1
high,4,5,7,462.97,27.81,217,1
high,4,5,8,427.43,24.29,246,1
high,4,5,9,394.97,23.49,177,1
high,4,5,10,375.48,21.82,84,1
high,4,5,11,340.78,16.25,25,1
high,4,6,7,510.21,26.60,22,1
high,4,6,8,467.25,32.55,105,1
high,4,6,9,432.71,24.99,180,1
high,4,6,10,401.28,23.26,216,1
high,4,6,11,374.32,21.25,120,1
high,4,6,12,354.38,19.50,75,1
high,4,6,13,333.04,37.02,18,1
high,4,7,8,522.32,48.79,8,0
high,4,7,9,485.35,25.40,41,1
high,4,7,10,438.02,25.76,117,1
high,4,7,11,409.83,25.38,204,1
high,4,7,12,381.45,20.44,206,1
high,4,7,13,358.81,20.33,119,1
high,4,7,14,339.65,27.92,39,1
high,4,7,15,315.19,20.57,14,0
high,4,8,10,482.02,52.37,8,0
high,4,8,11,453.32,27.31,53,1
high,4,8,12,416.87,25.42,148,1
high,4,8,13,389.75,24.13,213,1
high,4,8,14,362.29,20.65,169,1
high,4,8,15,338.20,17.71,93,1
high,4,8,16,317.15,19.81,29,1
high,4,8,17,311.42,26.72,6,0
high,4,9,12,454.08,31.05,12,0
high,4,9,13,423.24,27.75,63,1
high,4,9,14,395.15,26.15,161,1
high,4,9,15,370.56,18.57,235,1
high,4,9,16,347.79,21.26,165,1
high,4,9,17,326.59,14.58,71,1
high,4,9,18,307.19,12.36,17,1
high,4,9,19,292.02,15.52,7,0
high,4,10,13,436.35,30.59,5,0
high,4,10,14,425.24,18.18,21,1
high,4,10,15,397.73,23.18,80,1
high,4,10,16,374.54,21.90,183,1
high,4,10,17,349.82,16.70,201,1
high,4,10,18,332.24,18.65,135,1
high,4,10,19,314.85,15.53,60,1
high,4,10,20,294.45,18.55,21,1
high,4,11,15,419.95,37.51,8,0
high,4,11,16,407.79,35.21,30,1
high,4,11,17,380.60,22.97,105,1
high,4,11,18,357.17,19.33,170,1
high,4,11,19,335.51,17.55,182,1
high,4,11,20,316.45,15.58,112,1
high,4,11,21,304.20,18.44,43,1
high,4,11,22,293.98,29.25,17,1
high,4,12,17,424.07,32.63,13,0
high,4,12,18,381.67,28.04,43,1
high,4,12,19,362.53,20.54,122,1
high,4,12,20,341.09,18.55,164,1
high,4,12,21,320.96,16.18,148,1
high,4,12,22,306.75,18.57,83,1
high,4,12,23,290.93,12.31,32,1
high,4,12,24,281.06,15.87,10,0
high,4,12,25,257.44,29.51,6,0
high,4,13,19,395.32,23.18,20,1
high,4,13,20,367.36,19.82,59,1
high,4,13,21,343.60,19.80,144,1
high,4,13,22,322.87,17.01,167,1
high,4,13,23,308.71,15.51,117,1
high,4,13,24,296.03,18.58,74,1
high,4,13,25,278.55,11.00,30,1
high,4,13,26,273.06,19.16,6,0
high,4,14,20,372.86,21.43,5,0
high,4,14,21,367.92,24.98,26,1
high,4,14,22,349.45,19.36,75,1
high,4,14,23,329.27,16.72,144,1
high,4,14,24,312.97,15.36,149,1
high,4,14,25,298.30,15.55,115,1
high,4,14,26,287.51,13.66,41,1
high,4,14,27,272.90,12.38,21,1
high,4,14,28,257.31,14.57,12,0
high,4,15,22,377.97,24.14,8,0
high,4,15,23,351.56,16.01,36,1
high,4,15,24,333.79,19.31,92,1
high,4,15,25,317.25,16.29,131,1
high,4,15,26,300.28,13.43,156,1
high,4,15,27,288.53,14.05,85,1
high,4,15,28,277.46,18.21,40,1
high,4,15,29,260.03,11.15,13,0
high,4,16,24,351.26,25.69,8,0
high,4,16,25,337.82,21.65,25,1
high,4,16,26,319.84,14.31,97,1
high,4,16,27,305.29,13.87,127,1
high,4,16,28,287.00,13.85,115,1
high,4,16,29,275.91,12.90,84,1
high,4,16,30,269.02,13.27,36,1
high,4,16,31,261.73,18.93,6,0
high,4,17,26,340.11,25.12,19,1
high,4,17,27,317.82,14.76,59,1
high,4,17,28,304.44,13.82,101,1
high,4,17,29,292.95,13.05,135,1
high,4,17,30,279.54,12.34,88,1
high,4,17,31,267.18,13.18,66,1
high,4,17,32,254.62,12.40,38,1
high,4,17,33,249.97,20.74,17,1
high,4,18,28,330.93,14.34,29,1
high,4,18,29,309.28,14.92,74,1
high,4,18,30,295.87,13.96,126,1
high,4,18,31,280.26,14.50,129,1
high,4,18,32,267.66,12.38,100,1
high,4,18,33,254.23,12.85,80,1
high,4,18,34,238.87,7.90,6,0
high,4,19,29,342.98,7.61,6,0
high,4,19,30,312.05,20.53,19,1
high,4,19,31,300.18,17.07,65,1
high,4,19,32,288.72,13.26,122,1
high,4,19,33,267.81,13.64,228,1
high,4,19,34,248.46,12.36,64,1
high,4,19,35,232.72,15.02,6,0
high,4,20,31,320.94,17.54,15,1
high,4,20,32,300.04,14.88,49,1
high,4,20,33,280.28,14.38,186,1
high,4,20,34,259.25,13.74,195,1
high,4,20,35,242.06,12.26,39,1
high,4,20,36,235.99,15.18,8,0
high,4,21,33,290.47,15.56,66,1
high,4,21,34,270.27,15.34,212,1
high,4,21,35,252.91,12.17,159,1
high,4,21,36,241.51,21.70,43,1
high,4,22,33,302.19,36.00,11,0
high,4,22,34,282.68,14.32,61,1
high,4,22,35,263.89,14.29,212,1
high,4,22,36,245.52,11.84,157,1
high,4,22,37,229.94,12.46,33,1
high,4,23,34,282.19,39.59,8,0
high,4,23,35,276.41,16.92,87,1
high,4,23,36,255.27,12.94,210,1
high,4,23,37,235.81,12.45,118,1
high,4,23,38,220.49,11.32,33,1
high,4,23,39,197.25,10.09,5,0
high,4,24,35,279.48,16.67,13,0
high,4,24,36,266.12,11.70,100,1
high,4,24,37,247.44,13.35,181,1
high,4,24,38,232.79,12.01,89,1
high,4,24,39,216.00,11.61,24,1
high,4,24,40,199.50,21.08,5,0
high,4,25,36,277.09,14.82,22,1
high,4,25,37,260.04,15.25,145,1
high,4,25,38,245.31,13.16,355,1
high,4,25,39,232.01,11.23,243,1
high,4,25,40,219.20,22.08,88,1
high,4,25,41,214.07,23.82,15,1
high,4,25,42,204.88,16.53,7,0
high,4,26,38,257.10,20.97,38,1
high,4,26,39,244.02,12.24,200,1
high,4,26,40,231.75,12.28,262,1
high,4,26,41,220.40,12.18,207,1
high,4,26,42,208.11,9.29,65,1
high,4,26,43,199.01,13.72,18,1
high,4,27,39,256.77,18.30,8,0
high,4,27,40,249.54,17.52,50,1
high,4,27,41,233.41,12.32,195,1
high,4,27,42,220.44,11.23,242,1
high,4,27,43,209.69,11.24,169,1
high,4,27,44,202.85,35.97,44,1
high,4,27,45,183.69,14.80,12,0
high,4,28,41,247.80,14.91,15,1
high,4,28,42,235.78,13.76,81,1
high,4,28,43,221.24,11.99,227,1
high,4,28,44,211.42,9.70,217,1
high,4,28,45,203.61,10.20,133,1
high,4,28,46,192.09,10.79,44,1
high,4,28,47,181.67,8.81,10,0
high,4,29,43,232.87,12.33,25,1
high,4,29,44,222.14,11.50,111,1
high,4,29,45,211.39,11.47,219,1
high,4,29,46,202.84,9.49,224,1
high,4,29,47,193.58,10.28,85,1
high,4,29,48,185.51,12.97,32,1
high,4,29,49,163.47,8.60,6,0
high,4,30,45,224.81,13.58,38,1
high,4,30,46,213.73,10.86,147,1
high,4,30,47,203.23,9.83,205,1
high,4,30,48,193.11,9.25,176,1
high,4,30,49,185.31,9.55,83,1
high,4,30,50,175.39,19.24,16,1
high,4,30,51,169.91,6.17,7,0
high,4,31,47,211.72,11.94,47,1
high,4,31,48,202.71,9.57,154,1
high,4,31,49,195.27,9.36,242,1
high,4,31,50,188.69,10.02,130,1
high,4,31,51,181.06,9.64,59,1
high,4,31,52,173.61,8.35,13,0
high,4,32,48,213.72,14.23,17,1
high,4,32,49,204.01,10.65,70,1
high,4,32,50,195.68,10.17,162,1
high,4,32,51,187.92,9.70,189,1
high,4,32,52,180.85,8.13,116,1
high,4,32,53,176.21,10.12,41,1
high,4,32,54,169.76,8.16,16,1
high,4,32,55,165.78,13.51,7,0
high,4,33,49,188.83,6.06,5,0
high,4,33,50,203.42,12.79,12,0
high,4,33,51,194.77,10.10,92,1
high,4,33,52,190.25,10.82,200,1
high,4,33,53,183.47,9.61,257,1
high,4,33,54,179.22,9.66,243,1
high,4,33,55,173.99,9.41,179,1
high,4,33,56,167.91,10.85,94,1
high,4,33,57,162.63,8.13,47,1
high,4,33,58,142.02,19.22,5,0
high,4,34,53,200.46,19.72,9,0
high,4,34,54,191.92,10.62,42,1
high,4,34,55,182.25,8.95,91,1
high,4,34,56,176.36,8.14,214,1
high,4,34,57,170.88,9.12,428,1
high,4,34,58,163.58,8.42,166,1
high,4,34,59,153.07,10.41,32,1
high,4,35,56,197.27,23.77,5,0
high,4,35,57,179.36,11.20,75,1
high,4,35,58,169.63,10.31,331,1
high,4,35,59,159.54,8.89,961,1
high,5,1,1,504.95,36.09,396,1
high,5,1,2,454.61,32.20,110,1
high,5,1,3,419.64,22.23,24,1
high,5,1,4,412.37,49.38,8,0
high,5,2,1,573.55,47.65,338,1
high,5,2,2,514.04,38.92,318,1
high,5,2,3,467.33,28.23,209,1
high,5,2,4,430.93,27.77,70,1
high,5,2,5,394.94,19.44,16,1
high,5,3,1,661.58,57.61,53,1
high,5,3,2,588.27,46.01,135,1
high,5,3,3,528.01,38.68,294,1
high,5,3,4,478.97,30.99,302,1
high,5,3,5,438.95,29.90,161,1
high,5,3,6,410.87,36.13,46,1
high,5,3,7,378.42,40.35,14,0
high,5,4,2,666.09,68.34,17,1
high,5,4,3,597.37,53.45,61,1
high,5,4,4,540.58,36.74,196,1
high,5,4,5,488.95,31.23,293,1
high,5,4,6,450.11,29.19,255,1
high,5,4,7,416.97,34.80,113,1
high,5,4,8,384.38,20.63,34,1
high,5,4,9,354.70,15.32,6,0
high,5,5,4,600.01,31.78,10,0
high,5,5,5,547.75,35.74,91,1
high,5,5,6,495.70,32.41,203,1
high,5,5,7,457.60,31.08,282,1
high,5,5,8,427.61,29.84,216,1
high,5,5,9,393.32,23.15,87,1
high,5,5,10,367.90,18.74,27,1
high,5,5,11,349.67,22.78,5,0
high,5,6,6,573.93,29.95,20,1
high,5,6,7,511.85,42.41,102,1
high,5,6,8,465.36,30.05,229,1
high,5,6,9,430.09,26.88,256,1
high,5,6,10,399.08,23.57,164,1
high,5,6,11,372.04,26.93,78,1
high,5,6,12,351.22,27.45,19,1
high,5,7,7,602.29,26.94,5,0
high,5,7,8,521.65,40.64,37,1
high,5,7,9,478.89,34.05,129,1
high,5,7,10,440.86,28.62,225,1
high,5,7,11,407.17,25.28,242,1
high,5,7,12,379.26,22.51,131,1
high,5,7,13,352.90,21.65,46,1
high,5,7,14,345.54,29.57,8,0
high,5,8,9,520.31,51.43,14,0
high,5,8,10,487.58,25.58,52,1
high,5,8,11,445.11,25.24,168,1
high,5,8,12,415.73,24.94,232,1
high,5,8,13,384.20,21.84,203,1
high,5,8,14,362.79,24.12,112,1
high,5,8,15,341.95,19.21,34,1
high,5,9,11,490.59,59.38,14,0
high,5,9,12,449.86,29.63,75,1
high,5,9,13,420.12,25.39,188,1
high,5,9,14,391.12,24.87,215,1
high,5,9,15,365.10,18.52,145,1
high,5,9,16,345.34,16.99,78,1
high,5,9,17,326.57,17.42,19,1
high,5,10,13,463.82,31.72,25,1
high,5,10,14,428.78,29.42,99,1
high,5,10,15,398.08,23.29,183,1
high,5,10,16,372.36,21.14,226,1
high,5,10,17,347.21,17.67,145,1
high,5,10,18,329.90,20.00,61,1
high,5,10,19,306.00,16.34,21,1
high,5,11,15,437.42,31.43,33,1
high,5,11,16,406.37,23.27,112,1
high,5,11,17,379.02,22.43,183,1
high,5,11,18,354.42,18.66,198,1
high,5,11,19,333.83,16.65,117,1
high,5,11,20,314.39,15.42,40,1
high,5,11,21,288.95,9.88,9,0
high,5,12,16,436.86,40.67,13,0
high,5,12,17,409.94,22.44,49,1
high,5,12,18,378.30,21.18,131,1
high,5,12,19,358.50,22.94,186,1
high,5,12,20,339.34,16.18,154,1
high,5,12,21,319.61,18.30,81,1
high,5,12,22,301.78,25.45,43,1
high,5,12,23,285.64,16.91,9,0
high,5,13,18,409.15,21.46,18,1
high,5,13,19,391.20,23.85,77,1
high,5,13,20,366.16,22.02,147,1
high,5,13,21,343.04,18.79,172,1
high,5,13,22,326.02,16.79,124,1
high,5,13,23,309.76,23.44,66,1
high,5,13,24,295.09,14.05,34,1
high,5,13,25,275.25,10.75,5,0
high,5,14,20,398.21,20.53,24,1
high,5,14,21,369.81,23.10,66,1
high,5,14,22,347.61,19.26,162,1
high,5,14,23,329.60,17.36,155,1
high,5,14,24,308.63,13.94,87,1
high,5,14,25,294.00,12.33,63,1
high,5,14,26,285.93,14.20,14,0
high,5,14,27,266.82,16.70,6,0
high,5,15,21,386.62,42.08,12,0
high,5,15,22,372.72,25.83,31,1
high,5,15,23,350.91,18.10,95,1
high,5,15,24,332.29,17.23,148,1
high,5,15,25,313.91,16.42,135,1
high,5,15,26,298.15,16.46,91,1
high,5,15,27,286.50,13.93,44,1
high,5,15,28,280.38,19.96,13,0
high,5,16,23,378.42,13.84,14,0
high,5,16,24,356.96,20.05,57,1
high,5,16,25,334.21,18.79,110,1
high,5,16,26,319.43,15.72,162,1
high,5,16,27,303.52,15.04,130,1
high,5,16,28,289.53,14.35,99,1
high,5,16,29,269.75,10.39,22,1
high,5,16,30,258.90,9.61,8,0
high,5,17,25,363.75,20.06,21,1
high,5,17,26,340.98,22.43,56,1
high,5,17,27,324.04,17.04,118,1
high,5,17,28,307.18,14.79,166,1
high,5,17,29,294.45,15.00,117,1
high,5,17,30,282.81,16.28,63,1
high,5,17,31,269.61,15.27,20,1
high,5,17,32,252.39,16.76,5,0
high,5,18,26,361.60,30.97,9,0
high,5,18,27,345.43,21.51,26,1
high,5,18,28,326.60,16.60,71,1
high,5,18,29,311.54,17.02,144,1
high,5,18,30,293.00,13.61,137,1
high,5,18,31,282.09,12.80,108,1
high,5,18,32,270.29,17.09,41,1
high,5,18,33,266.19,20.20,23,1
high,5,19,28,329.22,27.84,10,0
high,5,19,29,330.78,18.86,32,1
high,5,19,30,314.71,16.15,101,1
high,5,19,31,300.79,15.83,121,1
high,5,19,32,284.27,14.85,110,1
high,5,19,33,269.25,13.50,136,1
high,5,19,34,260.18,20.65,17,1
high,5,19,35,261.44,34.59,6,0
high,5,20,29,349.75,23.69,6,0
high,5,20,30,334.73,12.70,13,0
high,5,20,31,313.87,17.34,47,1
high,5,20,32,303.02,14.59,101,1
high,5,20,33,282.62,14.30,218,1
high,5,20,34,261.57,13.86,112,1
high,5,20,35,242.23,11.98,17,1
high,5,21,32,308.57,25.99,17,1
high,5,21,33,294.71,17.18,163,1
high,5,21,34,273.45,13.74,215,1
high,5,21,35,252.77,13.76,73,1
high,5,21,36,231.37,13.93,11,0
high,5,22,33,314.73,21.45,30,1
high,5,22,34,285.38,15.86,177,1
high,5,22,35,263.30,12.42,204,1
high,5,22,36,247.78,15.10,65,1
high,5,22,37,220.74,13.43,7,0
high,5,23,34,294.52,20.82,47,1
high,5,23,35,275.81,14.51,167,1
high,5,23,36,256.31,12.61,192,1
high,5,23,37,243.96,12.29,60,1
high,5,23,38,221.28,16.55,6,0
high,5,24,35,285.81,19.28,45,1
high,5,24,36,268.30,13.96,190,1
high,5,24,37,249.26,12.35,182,1
high,5,24,38,232.81,11.20,40,1
high,5,24,39,218.71,22.38,10,0
high,5,25,35,283.82,40.92,9,0
high,5,25,36,282.20,17.60,69,1
high,5,25,37,263.41,15.45,283,1
high,5,25,38,247.96,12.02,341,1
high,5,25,39,233.60,12.82,141,1
high,5,25,40,215.70,13.17,45,1
high,5,25,41,201.13,22.21,7,0
high,5,26,37,272.38,24.67,13,0
high,5,26,38,261.45,13.94,111,1
high,5,26,39,246.33,12.77,277,1
high,5,26,40,234.58,12.25,272,1
high,5,26,41,222.48,14.02,130,1
high,5,26,42,209.23,13.30,33,1
high,5,26,43,214.14,18.74,5,0
high,5,27,39,268.23,17.97,29,1
high,5,27,40,248.14,13.03,131,1
high,5,27,41,235.26,12.21,297,1
high,5,27,42,222.47,10.69,226,1
high,5,27,43,212.55,12.96,85,1
high,5,27,44,198.73,12.85,25,1
high,5,27,45,195.70,9.89,5,0
high,5,28,40,260.78,25.11,5,0
high,5,28,41,246.64,14.54,37,1
high,5,28,42,234.98,11.08,165,1
high,5,28,43,223.61,11.83,270,1
high,5,28,44,213.04,10.57,190,1
high,5,28,45,202.32,12.72,61,1
high,5,28,46,192.68,13.39,21,1
high,5,29,42,244.20,21.69,8,0
high,5,29,43,240.12,12.39,55,1
high,5,29,44,224.26,11.73,199,1
high,5,29,45,213.68,10.69,243,1
high,5,29,46,201.38,9.28,164,1
high,5,29,47,193.55,11.49,46,1
high,5,29,48,198.13,35.22,14,0
high,5,30,44,234.43,14.10,10,0
high,5,30,45,225.99,11.82,82,1
high,5,30,46,213.70,10.10,192,1
high,5,30,47,204.32,9.48,203,1
high,5,30,48,195.57,7.88,133,1
high,5,30,49,185.04,10.40,35,1
high,5,30,50,176.47,12.09,7,0
high,5,31,46,223.91,14.23,18,1
high,5,31,47,215.35,9.92,102,1
high,5,31,48,205.78,11.54,214,1
high,5,31,49,197.74,10.07,181,1
high,5,31,50,189.28,9.47,90,1
high,5,31,51,179.70,11.84,31,1
high,5,32,48,215.01,9.06,28,1
high,5,32,49,206.19,9.64,100,1
high,5,32,50,197.67,10.19,201,1
high,5,32,51,189.54,9.10,147,1
high,5,32,52,182.00,9.23,79,1
high,5,32,53,176.30,6.79,23,1
high,5,32,54,160.22,19.88,8,0
high,5,33,49,221.90,29.38,5,0
high,5,33,50,205.62,10.45,37,1
high,5,33,51,197.61,10.65,149,1
high,5,33,52,192.15,10.23,247,1
high,5,33,53,185.89,10.43,282,1
high,5,33,54,180.51,9.71,212,1
high,5,33,55,175.28,9.84,128,1
high,5,33,56,168.69,7.05,50,1
high,5,33,57,162.93,22.21,17,1
high,5,34,53,203.15,35.26,18,1
high,5,34,54,189.86,10.00,90,1
high,5,34,55,184.75,8.98,166,1
high,5,34,56,180.25,9.05,232,1
high,5,34,57,171.94,8.90,422,1
high,5,34,58,161.96,8.44,143,1
high,5,34,59,155.27,9.43,16,1
high,5,35,56,169.18,14.59,7,0
high,5,35,57,179.24,16.15,131,1
high,5,35,58,170.46,9.39,416,1
high,5,35,59,162.67,9.62,995,1
high,6,1,1,505.35,34.40,171,1
high,6,1,2,462.01,38.45,28,1
high,6,1,3,405.61,33.54,5,0
high,6,2,1,574.21,44.25,440,1
high,6,2,2,510.54,34.19,226,1
high,6,2,3,465.81,30.29,74,1
high,6,2,4,427.47,18.56,13,0
high,6,2,5,609.38,223.05,5,0
high,6,3,1,653.69,62.30,185,1
high,6,3,2,575.72,43.85,313,1
high,6,3,3,522.86,38.08,329,1
high,6,3,4,478.03,29.02,178,1
high,6,3,5,437.30,22.79,47,1
high,6,3,6,409.35,21.76,12,0
high,6,4,1,755.53,61.24,15,1
high,6,4,2,658.84,47.06,69,1
high,6,4,3,593.48,46.64,218,1
high,6,4,4,533.13,37.83,309,1
high,6,4,5,486.57,33.69,281,1
high,6,4,6,447.17,33.00,130,1
high,6,4,7,415.75,35.71,37,1
high,6,4,8,379.66,20.26,6,0
high,6,5,3,662.14,69.59,12,0
high,6,5,4,610.95,47.14,90,1
high,6,5,5,547.46,38.81,223,1
high,6,5,6,496.63,33.03,288,1
high,6,5,7,454.82,28.25,217,1
high,6,5,8,418.66,23.34,84,1
high,6,5,9,381.66,18.63,20,1
high,6,5,10,370.83,14.75,6,0
high,6,6,5,625.41,47.01,27,1
high,6,6,6,557.23,38.59,111,1
high,6,6,7,509.70,34.44,253,1
high,6,6,8,463.07,29.60,300,1
high,6,6,9,426.83,26.79,188,1
high,6,6,10,400.98,24.70,66,1
high,6,6,11,359.69,21.68,18,1
high,6,7,6,641.32,36.19,7,0
high,6,7,7,563.23,48.65,26,1
high,6,7,8,514.70,35.66,139,1
high,6,7,9,473.83,29.18,249,1
high,6,7,10,438.81,25.05,249,1
high,6,7,11,404.11,23.48,149,1
high,6,7,12,379.75,20.20,50,1
high,6,7,13,358.50,21.28,14,0
high,6,8,8,610.75,51.48,11,0
high,6,8,9,531.13,40.39,43,1
high,6,8,10,481.69,33.09,173,1
high,6,8,11,445.64,27.70,264,1
high,6,8,12,413.70,24.72,198,1
high,6,8,13,382.82,24.91,103,1
high,6,8,14,361.58,19.97,28,1
high,6,8,15,329.08,24.95,10,0
high,6,9,10,523.09,49.99,20,1
high,6,9,11,486.49,37.06,81,1
high,6,9,12,449.84,30.09,179,1
high,6,9,13,421.50,24.47,253,1
high,6,9,14,391.75,19.15,163,1
high,6,9,15,362.11,21.41,74,1
high,6,9,16,347.55,21.14,22,1
high,6,10,11,554.70,52.93,9,0
high,6,10,12,498.32,41.73,27,1
high,6,10,13,463.79,27.38,95,1
high,6,10,14,424.85,25.29,197,1
high,6,10,15,395.33,22.83,233,1
high,6,10,16,371.01,21.47,182,1
high,6,10,17,350.58,17.57,57,1
high,6,10,18,336.79,17.01,12,0
high,6,11,13,477.94,85.69,5,0
high,6,11,14,457.31,35.05,37,1
high,6,11,15,431.31,27.76,135,1
high,6,11,16,401.67,23.98,205,1
high,6,11,17,376.13,19.04,204,1
high,6,11,18,354.35,17.19,126,1
high,6,11,19,334.98,14.64,39,1
high,6,11,20,323.05,14.35,12,0
high,6,12,15,485.95,40.17,8,0
high,6,12,16,444.02,27.54,61,1
high,6,12,17,410.71,27.37,141,1
high,6,12,18,384.25,22.13,194,1
high,6,12,19,359.88,21.19,167,1
high,6,12,20,340.02,19.65,81,1
high,6,12,21,311.05,14.02,26,1
high,6,12,22,305.68,8.42,8,0
high,6,13,17,452.17,24.56,11,0
high,6,13,18,415.82,21.75,72,1
high,6,13,19,390.16,22.00,165,1
high,6,13,20,365.56,18.66,204,1
high,6,13,21,344.53,18.09,152,1
high,6,13,22,321.20,14.54,87,1
high,6,13,23,298.23,12.71,25,1
high,6,13,24,283.21,15.16,5,0
high,6,14,19,422.78,28.61,38,1
high,6,14,20,395.78,21.98,74,1
high,6,14,21,369.40,20.69,177,1
high,6,14,22,348.16,21.84,176,1
high,6,14,23,326.27,16.82,124,1
high,6,14,24,310.38,14.69,42,1
high,6,14,25,298.76,21.10,16,1
high,6,15,20,405.20,42.39,6,0
high,6,15,21,399.02,24.56,33,1
high,6,15,22,369.68,17.80,111,1
high,6,15,23,351.82,20.92,155,1
high,6,15,24,332.25,17.58,150,1
high,6,15,25,312.48,14.89,82,1
high,6,15,26,302.85,13.92,46,1
high,6,15,27,287.53,18.83,9,0
high,6,16,22,389.93,21.57,7,0
high,6,16,23,378.67,22.80,54,1
high,6,16,24,357.31,17.24,121,1
high,6,16,25,335.31,19.25,168,1
high,6,16,26,315.39,15.98,128,1
high,6,16,27,303.35,12.14,74,1
high,6,16,28,286.02,12.38,29,1
high,6,16,29,270.58,19.86,10,0
high,6,16,30,266.50,5.66,5,0
high,6,17,24,380.48,20.63,15,1
high,6,17,25,357.78,16.68,65,1
high,6,17,26,343.22,15.46,123,1
high,6,17,27,320.15,16.69,155,1
high,6,17,28,306.89,17.39,125,1
high,6,17,29,292.24,15.53,64,1
high,6,17,30,271.38,16.15,33,1
high,6,17,31,260.76,7.20,8,0
high,6,18,25,379.02,27.67,5,0
high,6,18,26,365.00,26.60,21,1
high,6,18,27,343.38,17.78,87,1
high,6,18,28,326.10,17.95,140,1
high,6,18,29,309.86,15.33,139,1
high,6,18,30,292.37,13.14,112,1
high,6,18,31,281.25,14.10,52,1
high,6,18,32,267.75,11.78,12,0
high,6,19,27,355.59,39.07,9,0
high,6,19,28,345.13,16.80,34,1
high,6,19,29,330.48,17.50,77,1
high,6,19,30,312.02,15.38,137,1
high,6,19,31,299.54,14.98,148,1
high,6,19,32,286.80,12.32,81,1
high,6,19,33,270.53,12.46,55,1
high,6,19,34,244.06,12.09,12,0
high,6,20,29,342.78,29.28,22,1
high,6,20,30,332.05,15.70,45,1
high,6,20,31,315.24,16.87,113,1
high,6,20,32,300.03,14.58,133,1
high,6,20,33,282.66,14.88,204,1
high,6,20,34,257.69,15.77,35,1
high,6,21,31,331.26,13.84,19,1
high,6,21,32,318.37,14.37,49,1
high,6,21,33,297.23,16.61,270,1
high,6,21,34,273.02,11.18,132,1
high,6,21,35,260.83,25.98,22,1
high,6,22,32,332.28,29.05,5,0
high,6,22,33,310.02,17.37,89,1
high,6,22,34,286.58,14.77,243,1
high,6,22,35,265.00,13.38,151,1
high,6,22,36,244.07,10.56,35,1
high,6,23,33,306.61,37.37,7,0
high,6,23,34,302.05,15.55,97,1
high,6,23,35,278.01,13.88,233,1
high,6,23,36,255.90,13.99,122,1
high,6,23,37,239.68,13.20,19,1
high,6,24,34,314.89,19.53,19,1
high,6,24,35,288.45,14.31,123,1
high,6,24,36,267.72,14.42,249,1
high,6,24,37,248.27,12.95,91,1
high,6,24,38,232.27,22.24,24,1
high,6,25,35,302.73,21.02,27,1
high,6,25,36,283.52,17.94,156,1
high,6,25,37,264.50,16.62,333,1
high,6,25,38,248.87,13.66,271,1
high,6,25,39,233.42,11.06,75,1
high,6,25,40,224.38,15.05,5,0
high,6,26,36,287.65,25.45,5,0
high,6,26,37,284.42,20.50,47,1
high,6,26,38,264.71,15.86,213,1
high,6,26,39,249.59,14.03,331,1
high,6,26,40,237.42,12.83,218,1
high,6,26,41,223.94,12.70,46,1
high,6,26,42,211.72,17.34,14,0
high,6,27,38,277.66,32.01,9,0
high,6,27,39,265.97,15.00,65,1
high,6,27,40,250.30,12.45,252,1
high,6,27,41,239.05,13.32,317,1
high,6,27,42,224.22,11.45,150,1
high,6,27,43,212.50,8.94,32,1
high,6,27,44,200.73,24.96,6,0
high,6,28,40,260.26,24.82,12,0
high,6,28,41,249.32,12.45,89,1
high,6,28,42,237.17,11.52,252,1
high,6,28,43,225.08,12.63,234,1
high,6,28,44,215.21,13.82,101,1
high,6,28,45,203.20,8.17,25,1
high,6,28,46,186.95,19.71,7,0
high,6,29,42,252.12,15.32,24,1
high,6,29,43,238.86,13.49,119,1
high,6,29,44,226.86,12.06,269,1
high,6,29,45,216.09,10.12,211,1
high,6,29,46,202.95,10.49,80,1
high,6,29,47,194.42,9.73,29,1
high,6,30,44,240.69,17.10,42,1
high,6,30,45,226.89,11.93,165,1
high,6,30,46,216.03,10.90,236,1
high,6,30,47,206.91,10.99,154,1
high,6,30,48,198.07,16.02,66,1
high,6,30,49,191.60,23.40,13,0
high,6,31,45,221.74,16.50,9,0
high,6,31,46,228.01,12.08,61,1
high,6,31,47,216.83,11.08,174,1
high,6,31,48,207.83,9.76,209,1
high,6,31,49,198.46,8.17,141,1
high,6,31,50,189.94,12.40,38,1
high,6,31,51,179.71,6.01,9,0
high,6,31,52,175.48,11.18,6,0
high,6,32,47,231.87,10.13,8,0
high,6,32,48,215.52,12.56,92,1
high,6,32,49,206.18,10.69,183,1
high,6,32,50,197.65,10.27,196,1
high,6,32,51,190.67,9.39,118,1
high,6,32,52,181.60,9.36,31,1
high,6,32,53,178.14,16.86,5,0
high,6,33,49,215.01,13.83,23,1
high,6,33,50,208.08,14.49,90,1
high,6,33,51,200.14,10.24,224,1
high,6,33,52,194.36,10.63,319,1
high,6,33,53,188.02,10.21,273,1
high,6,33,54,182.10,8.78,196,1
high,6,33,55,176.09,10.41,70,1
high,6,33,56,171.99,18.30,32,1
high,6,33,57,161.53,17.02,11,0
high,6,34,52,206.69,21.04,7,0
high,6,34,53,201.46,18.49,41,1
high,6,34,54,191.98,9.01,148,1
high,6,34,55,186.88,9.65,235,1
high,6,34,56,180.49,9.19,271,1
high,6,34,57,174.18,10.01,339,1
high,6,34,58,164.41,9.39,67,1
high,6,34,59,159.63,25.91,10,0
high,6,35,55,187.70,32.72,5,0
high,6,35,56,190.43,7.94,24,1
high,6,35,57,182.02,9.84,233,1
high,6,35,58,172.72,9.68,494,1
high,6,35,59,164.72,9.22,985,1
high,7,1,1,501.81,29.03,50,1
high,7,1,2,498.23,90.54,6,0
high,7,2,1,560.10,41.46,286,1
high,7,2,2,500.66,35.96,86,1
high,7,2,3,467.31,52.35,10,0
high,7,3,1,643.67,53.40,413,1
high,7,3,2,573.20,39.08,349,1
high,7,3,3,515.90,35.90,186,1
high,7,3,4,469.31,39.75,51,1
high,7,3,5,425.69,41.71,11,0
high,7,4,1,745.84,71.49,67,1
high,7,4,2,656.89,55.72,219,1
high,7,4,3,583.57,44.01,357,1
high,7,4,4,523.50,35.80,278,1
high,7,4,5,478.03,31.97,116,1
high,7,4,6,444.51,31.94,40,1
high,7,4,7,419.31,28.88,5,0
high,7,5,2,765.89,56.17,15,1
high,7,5,3,677.76,52.73,87,1
high,7,5,4,599.22,45.43,261,1
high,7,5,5,543.45,40.50,357,1
high,7,5,6,494.09,29.30,222,1
high,7,5,7,453.76,37.39,109,1
high,7,5,8,422.80,53.24,29,1
high,7,6,3,800.62,125.65,5,0
high,7,6,4,700.93,53.96,31,1
high,7,6,5,623.42,51.39,121,1
high,7,6,6,554.45,40.45,262,1
high,7,6,7,503.78,34.45,307,1
high,7,6,8,460.00,30.45,190,1
high,7,6,9,424.64,32.24,66,1
high,7,6,10,391.67,21.37,20,1
high,7,7,6,626.49,45.47,46,1
high,7,7,7,564.68,43.64,139,1
high,7,7,8,512.67,36.02,300,1
high,7,7,9,473.20,30.73,249,1
high,7,7,10,430.48,24.85,139,1
high,7,7,11,403.69,26.88,36,1
high,7,7,12,386.93,30.63,5,0
high,7,8,7,594.10,119.89,12,0
high,7,8,8,573.19,46.25,62,1
high,7,8,9,518.92,34.01,178,1
high,7,8,10,480.47,32.05,309,1
high,7,8,11,437.58,25.25,251,1
high,7,8,12,408.20,21.17,126,1
high,7,8,13,378.22,14.97,41,1
high,7,8,14,340.19,29.10,10,0
high,7,9,9,605.15,43.81,14,0
high,7,9,10,535.02,33.46,100,1
high,7,9,11,488.44,32.01,199,1
high,7,9,12,445.90,26.81,245,1
high,7,9,13,416.83,22.85,196,1
high,7,9,14,388.68,18.74,73,1
high,7,9,15,363.87,27.66,28,1
high,7,10,11,536.33,59.29,27,1
high,7,10,12,495.24,30.22,131,1
high,7,10,13,455.43,28.10,234,1
high,7,10,14,422.74,24.15,251,1
high,7,10,15,396.52,22.90,137,1
high,7,10,16,369.51,29.15,48,1
high,7,10,17,342.02,20.40,9,0
high,7,11,13,511.46,40.03,37,1
high,7,11,14,459.60,22.54,118,1
high,7,11,15,435.52,26.81,209,1
high,7,11,16,402.63,22.54,213,1
high,7,11,17,374.45,17.98,122,1
high,7,11,18,350.09,17.31,39,1
high,7,11,19,329.68,16.12,9,0
high,7,12,14,532.77,39.91,8,0
high,7,12,15,471.54,28.68,69,1
high,7,12,16,439.50,28.06,150,1
high,7,12,17,408.33,22.75,225,1
high,7,12,18,380.34,21.20,193,1
high,7,12,19,355.77,20.99,93,1
high,7,12,20,331.74,16.55,26,1
high,7,12,21,330.15,22.12,5,0
high,7,13,16,478.76,40.47,20,1
high,7,13,17,442.90,25.54,81,1
high,7,13,18,413.47,26.88,155,1
high,7,13,19,388.48,23.37,238,1
high,7,13,20,359.40,19.05,168,1
high,7,13,21,337.70,15.91,55,1
high,7,13,22,325.46,18.20,17,1
high,7,14,17,504.08,51.23,5,0
high,7,14,18,469.28,30.40,23,1
high,7,14,19,413.50,23.58,88,1
high,7,14,20,389.33,19.20,175,1
high,7,14,21,366.22,20.27,185,1
high,7,14,22,346.36,18.01,109,1
high,7,14,23,325.46,19.05,54,1
high,7,14,24,323.10,22.28,13,0
high,7,14,25,319.75,33.99,6,0
high,7,15,19,487.91,38.70,6,0
high,7,15,20,429.57,26.27,39,1
high,7,15,21,394.18,21.38,109,1
high,7,15,22,372.92,19.68,195,1
high,7,15,23,350.62,17.73,193,1
high,7,15,24,331.08,16.79,102,1
high,7,15,25,316.09,20.36,34,1
high,7,15,26,298.84,14.57,12,0
high,7,16,21,431.02,33.92,13,0
high,7,16,22,408.22,22.59,47,1
high,7,16,23,378.40,20.01,119,1
high,7,16,24,351.86,18.93,185,1
high,7,16,25,336.53,18.00,150,1
high,7,16,26,317.37,12.71,81,1
high,7,16,27,297.22,9.75,19,1
high,7,16,28,287.87,15.21,7,0
high,7,17,23,411.25,19.26,21,1
high,7,17,24,378.60,24.15,57,1
high,7,17,25,360.68,22.62,137,1
high,7,17,26,339.69,16.98,182,1
high,7,17,27,320.47,15.04,125,1
high,7,17,28,305.22,18.54,72,1
high,7,17,29,295.04,24.59,16,1
high,7,17,30,295.52,34.88,6,0
high,7,18,24,412.52,19.05,5,0
high,7,18,25,389.10,19.68,24,1
high,7,18,26,362.75,21.70,77,1
high,7,18,27,342.10,18.27,129,1
high,7,18,28,324.31,16.81,172,1
high,7,18,29,311.03,16.32,100,1
high,7,18,30,294.46,15.61,42,1
high,7,18,31,279.64,12.08,17,1
high,7,18,32,275.22,18.14,5,0
high,7,19,26,393.35,21.70,6,0
high,7,19,27,366.09,23.05,39,1
high,7,19,28,346.74,21.12,99,1
high,7,19,29,329.63,16.71,160,1
high,7,19,30,312.53,14.39,130,1
high,7,19,31,298.74,16.15,83,1
high,7,19,32,278.56,16.95,33,1
high,7,19,33,274.34,19.82,12,0
high,7,20,28,375.76,26.60,5,0
high,7,20,29,351.94,17.22,52,1
high,7,20,30,333.05,18.21,128,1
high,7,20,31,315.32,14.56,142,1
high,7,20,32,301.21,14.20,134,1
high,7,20,33,280.08,14.01,88,1
high,7,20,34,260.73,13.81,16,1
high,7,21,29,387.98,26.73,7,0
high,7,21,30,359.22,21.55,19,1
high,7,21,31,336.31,18.19,64,1
high,7,21,32,318.34,17.12,104,1
high,7,21,33,298.54,15.23,272,1
high,7,21,34,275.68,14.84,74,1
high,7,21,35,256.00,27.61,10,0
high,7,22,31,358.34,18.56,9,0
high,7,22,32,342.85,13.99,19,1
high,7,22,33,314.65,17.23,207,1
high,7,22,34,287.04,15.41,234,1
high,7,22,35,268.69,14.76,53,1
high,7,22,36,260.13,45.46,9,0
high,7,23,33,325.98,18.32,39,1
high,7,23,34,300.56,15.56,208,1
high,7,23,35,278.83,14.78,222,1
high,7,23,36,256.66,12.60,45,1
high,7,23,37,234.23,11.72,8,0
high,7,24,33,341.23,67.37,5,0
high,7,24,34,314.73,19.12,67,1
high,7,24,35,289.83,15.21,215,1
high,7,24,36,269.61,13.99,170,1
high,7,24,37,249.33,10.70,45,1
high,7,25,34,347.58,52.00,5,0
high,7,25,35,302.59,17.78,81,1
high,7,25,36,284.68,16.25,295,1
high,7,25,37,267.24,14.39,415,1
high,7,25,38,249.42,14.69,163,1
high,7,25,39,238.07,15.69,26,1
high,7,26,36,327.69,52.73,8,0
high,7,26,37,288.23,16.89,124,1
high,7,26,38,268.45,15.29,350,1
high,7,26,39,253.23,14.24,317,1
high,7,26,40,237.32,13.26,89,1
high,7,26,41,223.68,15.74,25,1
high,7,27,38,283.86,25.31,18,1
high,7,27,39,268.87,15.07,154,1
high,7,27,40,252.92,13.57,296,1
high,7,27,41,238.90,17.36,227,1
high,7,27,42,224.76,10.93,88,1
high,7,27,43,215.47,17.74,16,1
high,7,28,40,270.73,14.04,29,1
high,7,28,41,253.87,14.87,216,1
high,7,28,42,240.41,12.77,298,1
high,7,28,43,227.37,11.78,185,1
high,7,28,44,212.56,11.23,48,1
high,7,28,45,208.37,18.53,10,0
high,7,29,41,250.02,23.93,6,0
high,7,29,42,253.50,13.91,68,1
high,7,29,43,239.23,12.62,221,1
high,7,29,44,227.56,12.12,281,1
high,7,29,45,216.78,10.56,148,1
high,7,29,46,206.41,8.85,38,1
high,7,29,47,202.05,13.17,12,0
high,7,30,43,262.32,9.05,10,0
high,7,30,44,239.35,15.44,91,1
high,7,30,45,227.70,11.85,244,1
high,7,30,46,218.69,11.11,252,1
high,7,30,47,206.85,11.07,110,1
high,7,30,48,195.61,11.40,32,1
high,7,31,45,239.83,9.17,17,1
high,7,31,46,228.94,12.50,120,1
high,7,31,47,217.91,10.46,234,1
high,7,31,48,207.00,10.71,202,1
high,7,31,49,198.88,9.87,72,1
high,7,31,50,189.74,13.77,28,1
high,7,32,47,230.62,12.44,35,1
high,7,32,48,216.16,10.51,171,1
high,7,32,49,208.43,9.47,230,1
high,7,32,50,199.06,9.48,173,1
high,7,32,51,190.36,12.86,68,1
high,7,32,52,177.28,8.91,11,0
high,7,33,49,217.11,12.37,50,1
high,7,33,50,210.42,10.29,170,1
high,7,33,51,202.18,11.07,279,1
high,7,33,52,196.66,10.43,343,1
high,7,33,53,191.60,9.66,239,1
high,7,33,54,186.00,13.26,109,1
high,7,33,55,176.54,8.30,40,1
high,7,33,56,168.98,12.45,12,0
high,7,34,52,202.87,11.66,20,1
high,7,34,53,199.42,10.78,104,1
high,7,34,54,193.73,10.79,237,1
high,7,34,55,186.66,9.83,243,1
high,7,34,56,183.64,9.21,253,1
high,7,34,57,175.30,8.90,228,1
high,7,34,58,164.69,9.72,26,1
high,7,35,55,211.22,23.89,8,0
high,7,35,56,194.78,11.57,42,1
high,7,35,57,183.02,10.11,330,1
high,7,35,58,175.67,9.51,503,1
high,7,35,59,167.67,9.20,952,1
high,8,2,1,555.48,39.86,136,1
high,8,2,2,493.34,23.26,12,0
high,8,3,1,638.82,53.90,480,1
high,8,3,2,559.47,35.52,191,1
high,8,3,3,516.59,38.15,55,1
high,8,3,4,454.07,29.37,10,0
high,8,4,1,740.48,70.61,297,1
high,8,4,2,644.53,53.16,422,1
high,8,4,3,583.04,40.68,339,1
high,8,4,4,527.24,41.25,163,1
high,8,4,5,466.44,26.41,48,1
high,8,4,6,401.05,38.56,5,0
high,8,5,1,884.14,73.14,21,1
high,8,5,2,752.47,70.31,104,1
high,8,5,3,667.06,56.67,242,1
high,8,5,4,593.24,45.81,415,1
high,8,5,5,531.27,37.98,253,1
high,8,5,6,485.04,30.18,84,1
high,8,5,7,433.00,25.35,16,1
high,8,6,3,784.07,93.55,21,1
high,8,6,4,687.96,61.68,124,1
high,8,6,5,609.04,49.78,285,1
high,8,6,6,551.31,38.30,347,1
high,8,6,7,493.12,33.65,220,1
high,8,6,8,454.82,50.15,75,1
high,8,6,9,417.49,25.02,12,0
high,8,7,5,713.60,76.70,46,1
high,8,7,6,619.18,54.15,148,1
high,8,7,7,555.34,38.94,339,1
high,8,7,8,512.87,33.55,300,1
high,8,7,9,460.42,25.76,179,1
high,8,7,10,426.09,26.23,45,1
high,8,7,11,400.21,19.90,9,0
high,8,7,12,418.57,71.95,5,0
high,8,8,7,642.78,56.70,80,1
high,8,8,8,573.53,42.60,190,1
high,8,8,9,523.40,35.81,341,1
high,8,8,10,472.51,29.17,231,1
high,8,8,11,435.05,24.32,123,1
high,8,8,12,400.70,24.51,29,1
high,8,8,13,365.14,11.55,5,0
high,8,9,8,680.41,56.06,23,1
high,8,9,9,587.13,44.65,90,1
high,8,9,10,534.29,41.51,240,1
high,8,9,11,484.11,29.22,298,1
high,8,9,12,445.66,27.28,190,1
high,8,9,13,414.49,26.49,94,1
high,8,9,14,379.21,20.76,26,1
high,8,10,9,647.66,85.67,5,0
high,8,10,10,590.33,57.27,19,1
high,8,10,11,541.77,35.60,110,1
high,8,10,12,499.31,34.46,251,1
high,8,10,13,454.12,30.82,307,1
high,8,10,14,423.17,27.81,145,1
high,8,10,15,399.05,36.92,53,1
high,8,10,16,369.71,25.43,12,0
high,8,10,17,348.92,29.37,5,0
high,8,11,11,568.54,51.73,6,0
high,8,11,12,541.48,36.08,41,1
high,8,11,13,498.12,36.82,136,1
high,8,11,14,462.71,29.66,239,1
high,8,11,15,427.11,24.30,232,1
high,8,11,16,400.94,31.55,104,1
high,8,11,17,369.84,18.92,26,1
high,8,11,18,349.60,21.06,7,0
high,8,12,13,587.67,35.82,15,1
high,8,12,14,508.67,35.92,69,1
high,8,12,15,470.90,33.50,168,1
high,8,12,16,437.07,28.93,280,1
high,8,12,17,405.49,22.01,179,1
high,8,12,18,378.13,20.51,97,1
high,8,12,19,353.72,17.15,37,1
high,8,12,20,329.96,13.22,6,0
high,8,13,15,521.05,41.23,17,1
high,8,13,16,483.58,35.91,67,1
high,8,13,17,438.13,25.16,171,1
high,8,13,18,412.32,24.55,254,1
high,8,13,19,382.57,20.78,171,1
high,8,13,20,359.45,18.80,66,1
high,8,13,21,345.54,23.15,26,1
high,8,14,17,505.07,40.76,33,1
high,8,14,18,449.02,26.90,108,1
high,8,14,19,420.15,23.68,201,1
high,8,14,20,387.29,20.51,235,1
high,8,14,21,363.95,18.82,128,1
high,8,14,22,341.44,18.63,54,1
high,8,14,23,323.80,9.06,13,0
high,8,15,18,493.35,23.38,8,0
high,8,15,19,455.04,50.87,39,1
high,8,15,20,424.61,27.14,111,1
high,8,15,21,396.16,23.03,198,1
high,8,15,22,369.02,19.86,179,1
high,8,15,23,352.87,24.28,115,1
high,8,15,24,329.53,15.33,33,1
high,8,15,25,312.94,23.03,8,0
high,8,16,20,479.35,32.41,12,0
high,8,16,21,429.58,23.89,52,1
high,8,16,22,401.42,23.52,152,1
high,8,16,23,377.06,22.82,192,1
high,8,16,24,352.00,18.41,163,1
high,8,16,25,332.97,15.41,95,1
high,8,16,26,314.54,23.21,32,1
high,8,16,27,308.33,33.66,8,0
high,8,16,28,302.37,36.84,5,0
high,8,17,22,440.73,24.40,26,1
high,8,17,23,404.48,25.71,63,1
high,8,17,24,383.67,21.29,152,1
high,8,17,25,359.34,18.14,191,1
high,8,17,26,338.06,16.52,144,1
high,8,17,27,319.08,14.04,64,1
high,8,17,28,301.91,15.29,19,1
high,8,18,24,416.36,32.39,22,1
high,8,18,25,389.44,23.35,76,1
high,8,18,26,361.79,19.88,145,1
high,8,18,27,341.21,16.62,175,1
high,8,18,28,324.10,15.22,108,1
high,8,18,29,308.78,14.93,47,1
high,8,18,30,334.58,152.04,18,1
high,8,19,25,417.19,21.38,6,0
high,8,19,26,391.04,28.46,33,1
high,8,19,27,366.88,19.75,106,1
high,8,19,28,348.72,17.79,164,1
high,8,19,29,325.60,16.68,142,1
high,8,19,30,310.32,14.86,99,1
high,8,19,31,300.60,19.37,42,1
high,8,19,32,287.36,22.74,11,0
high,8,20,27,385.55,24.51,17,1
high,8,20,28,375.59,20.02,50,1
high,8,20,29,352.87,19.83,110,1
high,8,20,30,330.35,15.53,169,1
high,8,20,31,314.13,14.63,122,1
high,8,20,32,295.73,11.07,68,1
high,8,20,33,285.69,22.10,32,1
high,8,21,29,364.00,28.60,14,0
high,8,21,30,358.18,24.02,69,1
high,8,21,31,333.50,18.47,140,1
high,8,21,32,317.42,16.93,141,1
high,8,21,33,299.53,16.63,167,1
high,8,21,34,282.36,14.70,29,1
high,8,21,35,231.12,6.25,5,0
high,8,22,30,380.42,16.42,8,0
high,8,22,31,369.19,17.91,15,1
high,8,22,32,342.69,18.38,70,1
high,8,22,33,314.03,19.22,282,1
high,8,22,34,287.04,13.88,157,1
high,8,22,35,267.40,19.77,15,1
high,8,23,32,375.68,23.98,9,0
high,8,23,33,331.00,23.61,130,1
high,8,23,34,302.07,15.98,285,1
high,8,23,35,278.11,18.71,123,1
high,8,23,36,265.73,15.66,22,1
high,8,24,33,354.11,24.25,18,1
high,8,24,34,318.90,17.78,164,1
high,8,24,35,291.70,16.49,251,1
high,8,24,36,268.11,14.01,88,1
high,8,24,37,253.43,15.67,16,1
high,8,25,34,330.91,26.22,26,1
high,8,25,35,308.03,17.60,208,1
high,8,25,36,287.45,16.78,461,1
high,8,25,37,269.96,14.53,331,1
high,8,25,38,254.15,14.23,72,1
high,8,25,39,255.25,39.04,11,0
high,8,26,35,301.83,56.89,6,0
high,8,26,36,309.15,16.60,46,1
high,8,26,37,288.24,17.23,261,1
high,8,26,38,270.74,15.34,410,1
high,8,26,39,254.87,14.71,212,1
high,8,26,40,238.81,13.14,38,1
high,8,26,41,207.05,15.84,11,0
high,8,27,37,310.56,25.34,7,0
high,8,27,38,292.61,16.98,77,1
high,8,27,39,269.34,14.32,260,1
high,8,27,40,255.61,13.79,346,1
high,8,27,41,239.25,12.94,145,1
high,8,27,42,222.54,12.37,28,1
high,8,28,39,281.75,17.57,13,0
high,8,28,40,270.64,16.85,109,1
high,8,28,41,254.49,14.50,293,1
high,8,28,42,242.60,11.85,274,1
high,8,28,43,228.40,13.16,99,1
high,8,28,44,215.76,17.93,19,1
high,8,28,45,229.63,31.77,8,0
high,8,29,41,276.68,21.38,35,1
high,8,29,42,257.83,14.82,139,1
high,8,29,43,241.23,11.99,316,1
high,8,29,44,228.86,11.86,225,1
high,8,29,45,218.19,10.93,81,1
high,8,29,46,212.42,21.74,19,1
high,8,30,42,274.89,26.71,5,0
high,8,30,43,251.99,16.09,33,1
high,8,30,44,242.03,13.60,174,1
high,8,30,45,230.97,12.13,318,1
high,8,30,46,219.12,10.26,183,1
high,8,30,47,207.05,9.80,58,1
high,8,30,48,220.52,106.26,14,0
high,8,31,44,262.25,13.60,6,0
high,8,31,45,243.37,11.46,61,1
high,8,31,46,230.48,11.63,198,1
high,8,31,47,219.39,11.07,256,1
high,8,31,48,208.75,9.83,158,1
high,8,31,49,200.75,9.86,40,1
high,8,31,50,193.50,11.23,9,0
high,8,32,46,236.51,15.54,11,0
high,8,32,47,230.78,12.01,88,1
high,8,32,48,219.15,10.53,203,1
high,8,32,49,210.28,10.26,233,1
high,8,32,50,200.50,10.42,116,1
high,8,32,51,190.24,8.47,33,1
high,8,32,52,182.89,8.59,6,0
high,8,33,48,225.93,15.40,21,1
high,8,33,49,219.41,12.74,146,1
high,8,33,50,211.32,10.90,243,1
high,8,33,51,204.71,11.33,318,1
high,8,33,52,200.07,10.21,296,1
high,8,33,53,191.60,9.15,180,1
high,8,33,54,184.27,10.76,86,1
high,8,33,55,176.78,13.07,20,1
high,8,33,56,175.39,12.74,8,0
high,8,34,51,217.18,26.21,6,0
high,8,34,52,208.72,10.68,47,1
high,8,34,53,201.99,9.30,146,1
high,8,34,54,196.25,19.62,266,1
high,8,34,55,191.53,9.96,289,1
high,8,34,56,185.85,8.83,229,1
high,8,34,57,177.31,8.85,133,1
high,8,34,58,164.10,10.60,11,0
high,8,35,54,190.85,23.65,5,0
high,8,35,55,215.36,35.06,29,1
high,8,35,56,194.10,10.54,74,1
high,8,35,57,185.97,10.05,452,1
high,8,35,58,178.17,9.93,559,1
high,8,35,59,169.96,10.67,932,1
high,9,2,1,555.82,43.08,37,1
high,9,3,1,623.88,51.72,308,1
high,9,3,2,565.78,43.76,58,1
high,9,3,3,520.27,40.92,14,0
high,9,4,1,733.15,68.65,509,1
high,9,4,2,637.70,46.42,376,1
high,9,4,3,568.42,46.54,165,1
high,9,4,4,507.07,28.93,43,1
high,9,4,5,489.19,126.91,15,1
high,9,5,1,863.29,69.51,117,1
high,9,5,2,752.96,68.84,257,1
high,9,5,3,658.05,53.40,407,1
high,9,5,4,582.22,41.11,288,1
high,9,5,5,524.35,33.29,109,1
high,9,5,6,486.10,52.95,30,1
high,9,6,2,850.09,142.82,22,1
high,9,6,3,772.62,71.75,152,1
high,9,6,4,673.16,60.92,322,1
high,9,6,5,598.08,42.52,363,1
high,9,6,6,544.94,35.86,232,1
high,9,6,7,494.84,27.69,77,1
high,9,6,8,472.39,105.37,15,1
high,9,7,3,859.54,148.75,7,0
high,9,7,4,805.77,55.89,33,1
high,9,7,5,697.46,60.44,197,1
high,9,7,6,615.38,50.34,381,1
high,9,7,7,553.49,36.91,332,1
high,9,7,8,497.98,31.41,163,1
high,9,7,9,461.44,27.15,47,1
high,9,7,10,430.56,51.64,10,0
high,9,8,5,838.83,71.91,9,0
high,9,8,6,717.63,63.93,72,1
high,9,8,7,621.03,47.35,183,1
high,9,8,8,567.35,42.87,336,1
high,9,8,9,517.81,33.54,284,1
high,9,8,10,470.86,33.79,120,1
high,9,8,11,434.81,27.58,29,1
high,9,9,7,731.62,43.82,22,1
high,9,9,8,655.34,54.43,73,1
high,9,9,9,578.45,42.93,264,1
high,9,9,10,526.90,33.43,348,1
high,9,9,11,477.84,32.62,230,1
high,9,9,12,441.18,21.60,89,1
high,9,9,13,408.90,30.47,32,1
high,9,9,14,381.16,14.00,6,0
high,9,10,9,673.40,78.06,37,1
high,9,10,10,597.40,46.28,90,1
high,9,10,11,538.44,38.46,292,1
high,9,10,12,489.04,33.62,303,1
high,9,10,13,454.10,29.17,169,1
high,9,10,14,416.44,25.98,69,1
high,9,10,15,396.50,35.77,16,1
high,9,11,11,615.32,49.18,44,1
high,9,11,12,549.57,40.91,145,1
high,9,11,13,498.50,34.54,311,1
high,9,11,14,459.54,27.52,260,1
high,9,11,15,427.59,22.61,131,1
high,9,11,16,392.27,26.11,56,1
high,9,11,17,371.90,14.17,5,0
high,9,12,12,639.19,61.76,8,0
high,9,12,13,558.56,39.90,55,1
high,9,12,14,506.06,34.04,176,1
high,9,12,15,469.37,30.01,249,1
high,9,12,16,429.01,25.93,220,1
high,9,12,17,403.64,19.76,98,1
high,9,12,18,376.91,25.35,22,1
high,9,12,19,362.86,11.46,7,0
high,9,13,14,576.65,50.52,17,1
high,9,13,15,528.04,41.59,83,1
high,9,13,16,475.43,30.73,208,1
high,9,13,17,438.47,26.73,251,1
high,9,13,18,408.75,24.59,179,1
high,9,13,19,385.48,19.79,75,1
high,9,13,20,352.54,16.55,26,1
high,9,14,16,539.96,36.10,23,1
high,9,14,17,487.14,27.68,104,1
high,9,14,18,446.99,28.45,199,1
high,9,14,19,415.96,23.67,251,1
high,9,14,20,387.03,20.42,142,1
high,9,14,21,365.25,18.65,65,1
high,9,14,22,342.56,21.38,16,1
high,9,15,17,574.11,63.57,9,0
high,9,15,18,494.84,32.16,31,1
high,9,15,19,456.77,28.29,105,1
high,9,15,20,422.91,24.34,202,1
high,9,15,21,390.55,22.11,225,1
high,9,15,22,368.97,18.73,101,1
high,9,15,23,346.50,20.93,30,1
high,9,15,24,329.07,12.37,9,0
high,9,16,19,521.24,34.12,8,0
high,9,16,20,458.20,33.93,56,1
high,9,16,21,423.13,22.11,169,1
high,9,16,22,398.81,22.56,254,1
high,9,16,23,373.83,20.60,157,1
high,9,16,24,352.41,16.33,77,1
high,9,16,25,325.99,17.08,24,1
high,9,17,21,472.20,26.16,18,1
high,9,17,22,439.18,25.51,80,1
high,9,17,23,404.99,21.95,170,1
high,9,17,24,379.82,20.41,192,1
high,9,17,25,356.83,18.77,167,1
high,9,17,26,341.38,18.79,67,1
high,9,17,27,323.62,15.61,14,0
high,9,17,28,290.76,24.05,6,0
high,9,18,22,469.13,55.83,5,0
high,9,18,23,443.55,30.23,26,1
high,9,18,24,413.54,23.73,89,1
high,9,18,25,385.25,22.88,184,1
high,9,18,26,359.62,19.05,187,1
high,9,18,27,340.90,18.43,124,1
high,9,18,28,322.67,15.27,64,1
high,9,18,29,302.21,11.29,18,1
high,9,18,30,283.90,18.35,7,0
high,9,19,24,450.72,11.90,5,0
high,9,19,25,417.41,20.61,37,1
high,9,19,26,389.73,20.08,103,1
high,9,19,27,364.78,20.64,170,1
high,9,19,28,344.55,17.78,195,1
high,9,19,29,328.61,16.97,77,1
high,9,19,30,311.73,19.12,36,1
high,9,19,31,292.99,13.15,9,0
high,9,20,26,430.39,57.89,12,0
high,9,20,27,396.40,27.38,64,1
high,9,20,28,372.79,19.46,104,1
high,9,20,29,349.76,19.14,188,1
high,9,20,30,331.07,16.37,149,1
high,9,20,31,315.58,17.35,90,1
high,9,20,32,304.21,18.08,26,1
high,9,20,33,289.12,23.82,14,0
high,9,21,28,393.82,18.94,19,1
high,9,21,29,378.49,22.37,63,1
high,9,21,30,355.17,21.07,130,1
high,9,21,31,336.52,18.03,156,1
high,9,21,32,317.74,15.11,125,1
high,9,21,33,296.68,15.60,90,1
high,9,21,34,267.29,15.85,8,0
high,9,22,29,415.16,22.74,7,0
high,9,22,30,383.98,15.75,29,1
high,9,22,31,362.71,20.44,84,1
high,9,22,32,339.14,16.23,149,1
high,9,22,33,314.84,17.15,257,1
high,9,22,34,288.62,16.62,69,1
high,9,22,35,255.09,12.63,7,0
high,9,23,32,366.76,21.45,32,1
high,9,23,33,332.35,17.81,266,1
high,9,23,34,302.32,14.74,217,1
high,9,23,35,277.67,13.15,46,1
high,9,24,33,353.20,20.24,61,1
high,9,24,34,319.43,19.00,240,1
high,9,24,35,294.72,16.47,199,1
high,9,24,36,267.89,14.43,39,1
high,9,25,33,369.12,54.90,5,0
high,9,25,34,339.81,20.25,87,1
high,9,25,35,312.57,18.58,367,1
high,9,25,36,290.90,16.54,407,1
high,9,25,37,272.51,20.68,165,1
high,9,25,38,251.17,16.38,24,1
high,9,26,35,335.59,25.83,12,0
high,9,26,36,311.49,18.04,163,1
high,9,26,37,291.68,16.92,424,1
high,9,26,38,271.67,15.15,343,1
high,9,26,39,255.46,14.68,118,1
high,9,26,40,251.78,16.94,10,0
high,9,26,41,278.70,59.44,7,0
high,9,27,37,311.63,39.60,23,1
high,9,27,38,290.72,16.01,183,1
high,9,27,39,272.83,14.31,430,1
high,9,27,40,257.48,12.58,277,1
high,9,27,41,241.70,16.88,71,1
high,9,27,42,236.94,22.50,13,0
high,9,28,38,350.12,18.95,5,0
high,9,28,39,293.12,15.77,42,1
high,9,28,40,274.92,14.70,242,1
high,9,28,41,257.80,13.44,349,1
high,9,28,42,243.81,12.56,207,1
high,9,28,43,229.50,14.01,47,1
high,9,29,40,286.81,29.43,7,0
high,9,29,41,275.56,14.47,75,1
high,9,29,42,258.59,13.63,234,1
high,9,29,43,244.70,13.72,311,1
high,9,29,44,231.59,12.39,147,1
high,9,29,45,219.07,12.86,43,1
high,9,29,46,213.45,28.99,6,0
high,9,30,42,287.73,29.36,15,1
high,9,30,43,259.23,14.30,110,1
high,9,30,44,244.65,11.50,266,1
high,9,30,45,232.72,11.96,271,1
high,9,30,46,218.70,11.07,107,1
high,9,30,47,207.27,10.14,29,1
high,9,30,48,211.16,17.40,6,0
high,9,31,44,270.48,16.54,13,0
high,9,31,45,243.66,11.84,138,1
high,9,31,46,231.49,11.36,254,1
high,9,31,47,221.41,10.50,212,1
high,9,31,48,210.03,11.14,89,1
high,9,31,49,201.57,13.03,15,1
high,9,32,46,239.22,14.63,41,1
high,9,32,47,232.91,10.17,175,1
high,9,32,48,221.54,10.24,245,1
high,9,32,49,209.34,11.09,159,1
high,9,32,50,202.21,9.75,62,1
high,9,32,51,196.37,23.16,11,0
high,9,33,47,250.91,15.21,10,0
high,9,33,48,233.18,13.12,69,1
high,9,33,49,222.63,10.88,225,1
high,9,33,50,215.01,11.40,325,1
high,9,33,51,208.16,11.68,351,1
high,9,33,52,200.84,9.65,245,1
high,9,33,53,192.93,11.13,133,1
high,9,33,54,188.83,13.67,27,1
high,9,34,51,222.16,14.68,23,1
high,9,34,52,213.12,12.35,111,1
high,9,34,53,204.39,10.73,246,1
high,9,34,54,198.38,10.49,283,1
high,9,34,55,192.99,9.74,267,1
high,9,34,56,186.67,9.85,170,1
high,9,34,57,177.14,10.20,102,1
high,9,34,58,170.24,13.96,5,0
high,9,35,54,201.83,17.12,7,0
high,9,35,55,204.68,9.71,66,1
high,9,35,56,195.32,12.78,156,1
high,9,35,57,188.03,10.25,511,1
high,9,35,58,181.42,10.38,611,1
high,9,35,59,173.01,14.60,813,1
high,10,3,1,622.88,51.75,111,1
high,10,3,2,577.68,120.99,12,0
high,10,4,1,722.55,63.65,543,1
high,10,4,2,630.30,44.82,209,1
high,10,4,3,565.80,76.48,40,1
high,10,4,4,475.19,34.11,6,0
high,10,5,1,849.67,74.08,368,1
high,10,5,2,739.85,68.21,467,1
high,10,5,3,647.17,50.21,345,1
high,10,5,4,580.33,42.23,133,1
high,10,5,5,514.27,34.80,32,1
high,10,6,1,890.88,103.10,18,1
high,10,6,2,855.31,74.99,154,1
high,10,6,3,760.42,69.33,406,1
high,10,6,4,666.51,55.34,454,1
high,10,6,5,593.25,44.62,250,1
high,10,6,6,531.54,34.58,84,1
high,10,6,7,488.84,36.19,16,1
high,10,7,3,882.44,90.72,40,1
high,10,7,4,780.34,69.08,195,1
high,10,7,5,683.67,58.04,406,1
high,10,7,6,613.47,49.05,352,1
high,10,7,7,552.48,41.96,200,1
high,10,7,8,506.61,71.06,43,1
high,10,7,9,477.38,44.93,9,0
high,10,8,4,921.40,36.22,9,0
high,10,8,5,823.86,68.35,71,1
high,10,8,6,702.52,57.99,247,1
high,10,8,7,625.17,48.05,355,1
high,10,8,8,565.77,39.38,303,1
high,10,8,9,514.32,32.92,146,1
high,10,8,10,480.94,50.67,26,1
high,10,9,6,832.23,80.94,20,1
high,10,9,7,726.76,63.82,99,1
high,10,9,8,639.69,48.84,292,1
high,10,9,9,571.01,41.07,360,1
high,10,9,10,520.74,31.92,262,1
high,10,9,11,474.76,28.74,93,1
high,10,9,12,441.49,54.01,17,1
high,10,10,8,760.34,78.40,27,1
high,10,10,9,647.49,55.79,140,1
high,10,10,10,591.57,41.85,302,1
high,10,10,11,529.61,37.08,300,1
high,10,10,12,485.68,27.90,199,1
high,10,10,13,451.20,21.29,67,1
high,10,10,14,415.12,22.92,11,0
high,10,11,9,717.42,86.22,6,0
high,10,11,10,683.14,49.59,42,1
high,10,11,11,604.49,49.87,154,1
high,10,11,12,545.62,37.34,286,1
high,10,11,13,495.75,33.24,308,1
high,10,11,14,456.15,26.87,132,1
high,10,11,15,423.22,30.76,51,1
high,10,11,16,406.80,47.56,7,0
high,10,12,11,716.37,104.29,13,0
high,10,12,12,614.84,43.80,79,1
high,10,12,13,553.20,35.33,170,1
high,10,12,14,505.55,34.79,284,1
high,10,12,15,459.98,27.31,263,1
high,10,12,16,424.85,27.45,117,1
high,10,12,17,416.65,31.17,31,1
high,10,13,13,638.99,66.25,17,1
high,10,13,14,570.11,45.75,80,1
high,10,13,15,516.41,36.22,217,1
high,10,13,16,472.83,28.62,279,1
high,10,13,17,438.03,29.18,217,1
high,10,13,18,408.70,27.42,81,1
high,10,13,19,367.34,21.42,11,0
high,10,14,15,592.51,54.18,29,1
high,10,14,16,526.57,39.47,122,1
high,10,14,17,479.50,30.58,245,1
high,10,14,18,442.63,26.06,267,1
high,10,14,19,414.10,23.52,168,1
high,10,14,20,399.23,81.29,55,1
high,10,14,21,372.38,42.77,9,0
high,10,15,16,513.91,116.53,7,0
high,10,15,17,543.21,31.15,45,1
high,10,15,18,485.52,34.23,173,1
high,10,15,19,452.85,26.84,238,1
high,10,15,20,421.18,26.00,225,1
high,10,15,21,396.51,21.77,124,1
high,10,15,22,365.79,20.80,28,1
high,10,15,23,350.40,16.08,10,0
high,10,16,18,566.13,48.30,6,0
high,10,16,19,496.28,31.05,56,1
high,10,16,20,459.87,26.96,167,1
high,10,16,21,426.30,25.59,246,1
high,10,16,22,399.94,22.82,190,1
high,10,16,23,371.03,22.13,87,1
high,10,16,24,346.71,17.77,29,1
high,10,16,25,323.92,13.33,8,0
high,10,17,20,504.89,55.86,25,1
high,10,17,21,466.29,30.02,77,1
high,10,17,22,433.17,26.46,211,1
high,10,17,23,402.36,22.36,212,1
high,10,17,24,378.74,21.98,162,1
high,10,17,25,350.43,19.34,67,1
high,10,17,26,328.46,17.89,15,1
high,10,17,27,312.82,13.08,5,0
high,10,18,22,477.96,24.27,31,1
high,10,18,23,435.04,26.93,93,1
high,10,18,24,407.73,23.63,204,1
high,10,18,25,383.94,18.91,197,1
high,10,18,26,355.97,17.53,112,1
high,10,18,27,341.85,14.20,42,1
high,10,18,28,309.83,19.11,13,0
high,10,19,23,483.05,60.96,7,0
high,10,19,24,448.56,26.50,45,1
high,10,19,25,415.52,28.48,118,1
high,10,19,26,389.70,21.37,194,1
high,10,19,27,365.34,20.44,184,1
high,10,19,28,346.47,16.94,93,1
high,10,19,29,324.45,16.62,45,1
high,10,19,30,303.53,16.80,12,0
high,10,20,25,451.64,38.69,13,0
high,10,20,26,419.60,27.37,48,1
high,10,20,27,392.80,20.50,156,1
high,10,20,28,369.70,20.99,198,1
high,10,20,29,348.49,20.50,151,1
high,10,20,30,330.55,16.88,75,1
high,10,20,31,307.66,14.12,29,1
high,10,20,32,293.58,11.61,10,0
high,10,21,27,426.00,31.85,23,1
high,10,21,28,399.79,24.55,77,1
high,10,21,29,372.98,19.17,172,1
high,10,21,30,351.75,18.49,179,1
high,10,21,31,333.42,18.50,119,1
high,10,21,32,319.14,18.60,53,1
high,10,21,33,297.76,19.77,27,1
high,10,22,28,431.74,48.25,9,0
high,10,22,29,412.03,30.83,25,1
high,10,22,30,378.46,22.80,100,1
high,10,22,31,355.29,21.04,159,1
high,10,22,32,336.22,15.66,194,1
high,10,22,33,318.39,15.99,134,1
high,10,22,34,293.52,28.67,18,1
high,10,23,30,414.51,35.15,15,1
high,10,23,31,375.77,19.70,33,1
high,10,23,32,359.69,19.34,112,1
high,10,23,33,331.85,18.98,313,1
high,10,23,34,302.86,15.55,111,1
high,10,23,35,276.55,24.31,16,1
high,10,24,32,385.77,22.90,16,1
high,10,24,33,350.65,19.52,168,1
high,10,24,34,320.08,18.87,266,1
high,10,24,35,293.63,16.13,89,1
high,10,24,36,267.12,19.76,16,1
high,10,25,33,380.64,29.72,22,1
high,10,25,34,338.96,23.37,242,1
high,10,25,35,314.70,19.40,480,1
high,10,25,36,295.90,17.86,331,1
high,10,25,37,272.48,14.87,60,1
high,10,26,35,341.73,23.66,51,1
high,10,26,36,313.72,18.66,268,1
high,10,26,37,293.49,17.56,425,1
high,10,26,38,274.31,16.00,228,1
high,10,26,39,255.35,11.33,39,1
high,10,26,40,229.33,11.63,6,0
high,10,27,36,343.52,33.20,6,0
high,10,27,37,315.75,18.46,76,1
high,10,27,38,292.71,16.25,317,1
high,10,27,39,276.15,14.07,387,1
high,10,27,40,258.88,14.29,156,1
high,10,27,41,244.34,16.58,22,1
high,10,28,38,308.34,53.34,8,0
high,10,28,39,292.85,17.48,154,1
high,10,28,40,275.75,15.55,338,1
high,10,28,41,259.70,13.38,319,1
high,10,28,42,245.05,14.72,91,1
high,10,28,43,229.11,14.89,19,1
high,10,29,40,295.72,19.99,32,1
high,10,29,41,276.39,15.80,178,1
high,10,29,42,260.64,13.72,359,1
high,10,29,43,246.87,12.44,235,1
high,10,29,44,233.84,12.21,78,1
high,10,29,45,231.15,30.01,11,0
high,10,30,42,278.29,12.69,41,1
high,10,30,43,259.50,14.65,199,1
high,10,30,44,246.65,13.08,331,1
high,10,30,45,233.16,12.58,180,1
high,10,30,46,223.96,13.26,56,1
high,10,30,47,218.47,20.84,12,0
high,10,31,43,309.15,48.41,5,0
high,10,31,44,264.17,16.23,70,1
high,10,31,45,246.66,13.22,262,1
high,10,31,46,233.92,11.32,319,1
high,10,31,47,221.16,11.30,127,1
high,10,31,48,211.90,10.81,35,1
high,10,32,45,258.58,12.33,11,0
high,10,32,46,248.22,13.54,100,1
high,10,32,47,233.38,12.45,253,1
high,10,32,48,223.43,11.31,244,1
high,10,32,49,213.31,9.10,99,1
high,10,32,50,200.34,8.67,29,1
high,10,32,51,198.56,15.38,8,0
high,10,33,46,255.10,25.33,7,0
high,10,33,47,246.79,20.85,18,1
high,10,33,48,233.33,14.38,131,1
high,10,33,49,225.58,12.15,306,1
high,10,33,50,216.70,11.85,357,1
high,10,33,51,211.03,11.24,313,1
high,10,33,52,203.10,11.09,177,1
high,10,33,53,195.71,9.78,72,1
high,10,33,54,185.56,6.60,9,0
high,10,33,55,174.23,24.90,5,0
high,10,34,50,226.20,18.57,10,0
high,10,34,51,225.53,10.60,68,1
high,10,34,52,212.57,10.28,179,1
high,10,34,53,207.24,10.39,278,1
high,10,34,54,200.32,10.10,314,1
high,10,34,55,195.05,10.24,237,1
high,10,34,56,188.18,9.25,104,1
high,10,34,57,181.31,17.09,41,1
high,10,35,54,214.01,17.47,28,1
high,10,35,55,204.06,10.40,115,1
high,10,35,56,197.19,10.74,198,1
high,10,35,57,190.43,10.65,609,1
high,10,35,58,183.98,9.79,602,1
high,10,35,59,174.89,10.00,661,1
high,11,3,1,615.23,65.12,21,1
high,11,4,1,713.76,65.46,290,1
high,11,4,2,618.20,44.76,42,1
high,11,4,3,551.14,44.68,6,0
high,11,5,1,834.34,77.80,560,1
high,11,5,2,730.52,61.24,387,1
high,11,5,3,630.30,42.80,127,1
high,11,5,4,561.69,48.79,22,1
high,11,6,1,933.11,50.89,78,1
high,11,6,2,849.46,73.35,397,1
high,11,6,3,739.88,66.97,507,1
high,11,6,4,659.15,48.81,260,1
high,11,6,5,584.49,41.02,100,1
high,11,6,6,537.69,109.25,15,1
high,11,7,2,953.13,49.60,6,0
high,11,7,3,869.57,74.16,184,1
high,11,7,4,772.05,70.74,409,1
high,11,7,5,675.90,55.95,437,1
high,11,7,6,597.24,46.05,208,1
high,11,7,7,546.30,41.36,69,1
high,11,7,8,482.95,30.77,16,1
high,11,8,4,910.23,72.53,61,1
high,11,8,5,789.01,76.33,254,1
high,11,8,6,698.68,58.34,436,1
high,11,8,7,614.30,51.18,364,1
high,11,8,8,564.77,39.79,121,1
high,11,8,9,506.52,22.08,23,1
high,11,8,10,472.74,12.91,6,0
high,11,9,5,894.63,77.71,11,0
high,11,9,6,809.18,71.78,100,1
high,11,9,7,717.45,68.47,297,1
high,11,9,8,631.43,53.09,380,1
high,11,9,9,566.42,44.06,251,1
high,11,9,10,515.34,43.13,127,1
high,11,9,11,458.26,37.75,23,1
high,11,9,12,506.87,106.42,5,0
high,11,10,7,879.85,66.82,27,1
high,11,10,8,721.99,59.39,135,1
high,11,10,9,649.71,51.85,300,1
high,11,10,10,579.77,40.59,339,1
high,11,10,11,527.91,36.80,213,1
high,11,10,12,480.14,54.86,75,1
high,11,10,13,468.02,66.02,12,0
high,11,11,9,751.77,60.84,52,1
high,11,11,10,671.73,51.40,167,1
high,11,11,11,595.65,42.31,348,1
high,11,11,12,537.59,35.46,293,1
high,11,11,13,492.67,31.33,178,1
high,11,11,14,445.95,28.10,46,1
high,11,11,15,417.27,19.86,12,0
high,11,12,10,724.05,78.88,11,0
high,11,12,11,694.27,52.74,78,1
high,11,12,12,605.48,43.29,178,1
high,11,12,13,551.78,37.63,343,1
high,11,12,14,502.57,34.02,281,1
high,11,12,15,461.26,26.91,104,1
high,11,12,16,420.74,24.12,28,1
high,11,13,12,697.26,36.38,16,1
high,11,13,13,626.70,40.90,86,1
high,11,13,14,563.22,39.06,246,1
high,11,13,15,510.03,31.33,327,1
high,11,13,16,468.74,27.39,210,1
high,11,13,17,434.56,23.74,85,1
high,11,13,18,415.38,38.21,21,1
high,11,13,19,402.67,43.32,6,0
high,11,14,14,657.14,49.97,23,1
high,11,14,15,575.12,39.00,116,1
high,11,14,16,521.89,34.83,287,1
high,11,14,17,478.15,28.78,297,1
high,11,14,18,441.05,24.51,159,1
high,11,14,19,412.01,20.84,55,1
high,11,14,20,377.06,22.27,14,0
high,11,15,16,594.27,55.67,38,1
high,11,15,17,533.77,40.79,144,1
high,11,15,18,490.24,29.82,266,1
high,11,15,19,450.29,28.25,264,1
high,11,15,20,418.05,25.29,113,1
high,11,15,21,390.49,15.63,30,1
high,11,15,22,353.26,18.52,5,0
high,11,16,17,612.79,47.97,15,1
high,11,16,18,539.48,45.48,59,1
high,11,16,19,499.97,33.51,176,1
high,11,16,20,457.05,28.49,272,1
high,11,16,21,423.28,22.52,227,1
high,11,16,22,396.98,30.20,94,1
high,11,16,23,375.04,33.04,28,1
high,11,16,24,397.51,72.33,7,0
high,11,17,19,555.79,30.96,17,1
high,11,17,20,507.94,34.87,91,1
high,11,17,21,461.83,28.88,199,1
high,11,17,22,430.75,26.41,258,1
high,11,17,23,399.21,22.80,154,1
high,11,17,24,375.65,20.56,71,1
high,11,17,25,349.03,19.04,20,1
high,11,18,20,550.67,52.58,6,0
high,11,18,21,522.32,34.89,39,1
high,11,18,22,471.70,24.01,112,1
high,11,18,23,439.24,25.15,226,1
high,11,18,24,406.99,21.12,237,1
high,11,18,25,383.80,20.64,163,1
high,11,18,26,356.81,17.49,47,1
high,11,18,27,334.45,12.39,16,1
high,11,19,22,532.08,16.54,13,0
high,11,19,23,491.33,29.02,54,1
high,11,19,24,443.27,25.79,148,1
high,11,19,25,412.67,26.15,229,1
high,11,19,26,386.03,21.46,186,1
high,11,19,27,364.23,20.43,103,1
high,11,19,28,340.26,17.36,41,1
high,11,19,29,320.94,20.39,9,0
high,11,20,24,487.15,27.10,10,0
high,11,20,25,448.87,33.20,59,1
high,11,20,26,415.93,25.14,150,1
high,11,20,27,393.80,21.00,215,1
high,11,20,28,370.41,19.79,157,1
high,11,20,29,344.18,18.31,75,1
high,11,20,30,323.59,13.71,21,1
high,11,21,26,452.49,42.24,16,1
high,11,21,27,419.68,24.39,60,1
high,11,21,28,398.13,21.49,153,1
high,11,21,29,374.73,20.77,222,1
high,11,21,30,352.05,18.32,140,1
high,11,21,31,328.16,14.47,60,1
high,11,21,32,317.21,18.23,13,0
high,11,21,33,303.45,14.82,8,0
high,11,22,28,431.58,28.25,26,1
high,11,22,29,402.87,25.46,111,1
high,11,22,30,376.09,19.83,175,1
high,11,22,31,356.22,20.49,207,1
high,11,22,32,337.27,20.57,124,1
high,11,22,33,313.36,19.36,51,1
high,11,23,30,410.30,20.55,38,1
high,11,23,31,383.58,21.45,121,1
high,11,23,32,360.22,19.95,168,1
high,11,23,33,334.06,20.41,265,1
high,11,23,34,301.02,17.99,43,1
high,11,24,31,419.26,33.78,19,1
high,11,24,32,388.31,20.83,54,1
high,11,24,33,351.05,21.41,307,1
high,11,24,34,320.73,18.45,195,1
high,11,24,35,294.48,16.56,29,1
high,11,25,33,374.61,23.30,99,1
high,11,25,34,344.35,20.98,400,1
high,11,25,35,318.53,19.28,445,1
high,11,25,36,296.46,16.08,162,1
high,11,25,37,273.80,17.23,19,1
high,11,26,35,343.24,21.28,157,1
high,11,26,36,317.42,19.74,422,1
high,11,26,37,297.24,17.69,399,1
high,11,26,38,273.68,13.82,101,1
high,11,26,39,270.80,34.27,15,1
high,11,27,36,346.98,22.88,29,1
high,11,27,37,318.36,18.94,206,1
high,11,27,38,296.82,17.53,415,1
high,11,27,39,278.20,14.79,268,1
high,11,27,40,259.55,14.38,66,1
high,11,28,38,320.50,25.38,47,1
high,11,28,39,297.09,16.14,254,1
high,11,28,40,277.96,15.36,373,1
high,11,28,41,262.96,14.23,205,1
high,11,28,42,247.01,13.43,34,1
high,11,29,39,307.38,65.47,7,0
high,11,29,40,294.55,19.77,92,1
high,11,29,41,279.97,15.12,266,1
high,11,29,42,261.94,13.17,325,1
high,11,29,43,245.95,14.15,140,1
high,11,29,44,228.75,11.71,26,1
high,11,29,45,241.54,42.46,6,0
high,11,30,41,304.59,19.41,19,1
high,11,30,42,280.75,18.03,112,1
high,11,30,43,263.81,14.42,334,1
high,11,30,44,247.84,13.13,266,1
high,11,30,45,234.36,12.82,92,1
high,11,30,46,220.62,9.92,17,1
high,11,31,43,278.64,20.64,21,1
high,11,31,44,261.40,14.47,170,1
high,11,31,45,248.00,11.46,330,1
high,11,31,46,235.69,11.65,234,1
high,11,31,47,224.12,11.81,74,1
high,11,31,48,203.03,8.27,11,0
high,11,32,44,271.48,34.38,7,0
high,11,32,45,263.41,16.47,49,1
high,11,32,46,248.97,13.12,194,1
high,11,32,47,238.07,12.41,269,1
high,11,32,48,226.21,12.65,177,1
high,11,32,49,211.61,11.44,51,1
high,11,32,50,206.63,7.23,5,0
high,11,33,46,249.39,48.37,10,0
high,11,33,47,246.60,14.11,65,1
high,11,33,48,239.10,14.55,227,1
high,11,33,49,228.22,12.08,368,1
high,11,33,50,220.13,11.90,344,1
high,11,33,51,213.79,11.27,266,1
high,11,33,52,204.68,10.44,101,1
high,11,33,53,198.96,15.39,25,1
high,11,33,54,187.62,22.61,13,0
high,11,34,49,246.21,20.09,5,0
high,11,34,50,237.04,25.55,31,1
high,11,34,51,225.25,11.02,129,1
high,11,34,52,217.10,11.04,282,1
high,11,34,53,210.65,11.89,315,1
high,11,34,54,203.26,10.56,343,1
high,11,34,55,197.02,9.76,162,1
high,11,34,56,188.66,10.14,64,1
high,11,34,57,177.53,14.85,17,1
high,11,34,58,193.15,27.22,5,0
high,11,35,53,292.21,176.96,9,0
high,11,35,54,215.79,12.70,59,1
high,11,35,55,205.70,10.18,164,1
high,11,35,56,201.12,14.53,269,1
high,11,35,57,194.00,10.60,621,1
high,11,35,58,187.30,10.37,578,1
high,11,35,59,177.90,10.50,579,1
high,12,4,1,700.63,55.44,81,1
high,12,5,1,828.71,81.47,555,1
high,12,5,2,705.06,53.26,174,1
high,12,5,3,620.73,40.88,24,1
high,12,6,1,916.84,52.58,246,1
high,12,6,2,837.68,76.80,531,1
high,12,6,3,738.98,61.40,326,1
high,12,6,4,643.01,53.38,111,1
high,12,6,5,590.59,104.45,16,1
high,12,7,2,933.97,51.81,94,1
high,12,7,3,857.85,73.77,437,1
high,12,7,4,756.50,66.86,454,1
high,12,7,5,656.49,53.21,247,1
high,12,7,6,587.54,41.32,60,1
high,12,7,7,528.57,22.55,11,0
high,12,8,3,945.42,50.95,14,0
high,12,8,4,879.54,68.09,226,1
high,12,8,5,783.48,73.45,502,1
high,12,8,6,682.12,56.83,392,1
high,12,8,7,607.57,43.65,161,1
high,12,8,8,551.78,40.58,43,1
high,12,9,5,907.62,61.38,79,1
high,12,9,6,807.98,68.74,316,1
high,12,9,7,695.78,56.22,475,1
high,12,9,8,621.71,48.49,326,1
high,12,9,9,558.40,35.02,114,1
high,12,9,10,500.08,28.37,27,1
high,12,10,6,897.11,106.47,16,1
high,12,10,7,833.08,73.49,141,1
high,12,10,8,725.44,64.42,343,1
high,12,10,9,635.31,49.63,395,1
high,12,10,10,574.77,39.59,226,1
high,12,10,11,521.17,31.88,84,1
high,12,10,12,463.58,40.36,7,0
high,12,11,8,864.88,59.86,35,1
high,12,11,9,747.02,69.93,200,1
high,12,11,10,659.59,52.25,345,1
high,12,11,11,588.88,41.69,347,1
high,12,11,12,530.27,33.14,182,1
high,12,11,13,477.55,27.58,42,1
high,12,11,14,452.46,58.21,14,0
high,12,12,9,888.52,60.94,9,0
high,12,12,10,762.25,74.24,85,1
high,12,12,11,677.60,52.98,265,1
high,12,12,12,609.16,45.43,359,1
high,12,12,13,542.86,36.93,296,1
high,12,12,14,499.28,31.12,122,1
high,12,12,15,453.68,28.46,28,1
high,12,12,16,423.92,46.41,5,0
high,12,13,11,792.32,82.86,20,1
high,12,13,12,688.75,62.66,100,1
high,12,13,13,620.19,48.52,264,1
high,12,13,14,561.82,38.71,368,1
high,12,13,15,505.95,33.86,247,1
high,12,13,16,462.50,27.22,81,1
high,12,13,17,429.66,14.98,13,0
high,12,13,18,380.30,31.98,5,0
high,12,14,13,709.96,56.73,26,1
high,12,14,14,630.49,47.39,148,1
high,12,14,15,567.86,40.39,268,1
high,12,14,16,515.07,35.08,278,1
high,12,14,17,474.57,27.13,191,1
high,12,14,18,443.21,32.50,60,1
high,12,14,19,396.40,15.29,15,1
high,12,15,14,750.69,64.46,7,0
high,12,15,15,656.29,50.09,45,1
high,12,15,16,576.71,45.89,170,1
high,12,15,17,529.33,35.94,306,1
high,12,15,18,483.35,33.49,300,1
high,12,15,19,442.69,23.52,139,1
high,12,15,20,404.27,19.62,38,1
high,12,15,21,402.29,50.00,10,0
high,12,16,16,667.92,42.56,11,0
high,12,16,17,601.20,45.06,71,1
high,12,16,18,537.55,35.99,188,1
high,12,16,19,492.66,30.70,289,1
high,12,16,20,453.94,26.43,199,1
high,12,16,21,420.17,27.88,95,1
high,12,16,22,396.82,25.00,36,1
high,12,17,18,606.56,41.85,22,1
high,12,17,19,550.19,38.22,80,1
high,12,17,20,499.96,34.39,212,1
high,12,17,21,461.73,29.68,267,1
high,12,17,22,429.23,24.61,174,1
high,12,17,23,399.69,19.44,69,1
high,12,17,24,366.96,22.12,16,1
high,12,18,19,704.57,87.65,5,0
high,12,18,20,565.07,35.28,24,1
high,12,18,21,511.05,38.92,117,1
high,12,18,22,467.16,29.58,248,1
high,12,18,23,433.18,25.07,234,1
high,12,18,24,403.95,19.65,150,1
high,12,18,25,369.69,16.22,55,1
high,12,18,26,348.83,11.58,8,0
high,12,19,22,519.37,26.83,35,1
high,12,19,23,481.88,29.26,166,1
high,12,19,24,445.99,28.43,225,1
high,12,19,25,412.39,23.20,221,1
high,12,19,26,384.54,20.47,121,1
high,12,19,27,358.56,20.21,27,1
high,12,19,28,349.61,19.93,8,0
high,12,20,23,538.36,35.13,12,0
high,12,20,24,490.52,43.51,52,1
high,12,20,25,450.02,29.16,152,1
high,12,20,26,417.08,24.37,242,1
high,12,20,27,392.85,22.22,206,1
high,12,20,28,365.90,17.71,84,1
high,12,20,29,346.29,16.42,18,1
high,12,21,25,496.75,42.03,18,1
high,12,21,26,462.09,25.96,82,1
high,12,21,27,425.67,25.07,177,1
high,12,21,28,393.12,20.97,231,1
high,12,21,29,374.58,21.07,160,1
high,12,21,30,348.80,16.37,74,1
high,12,21,31,336.05,34.75,18,1
high,12,22,27,463.66,31.34,26,1
high,12,22,28,428.78,25.72,103,1
high,12,22,29,403.24,24.36,195,1
high,12,22,30,376.34,21.56,190,1
high,12,22,31,353.77,18.67,94,1
high,12,22,32,329.81,15.65,56,1
high,12,22,33,319.91,20.27,14,0
high,12,23,28,480.84,30.69,8,0
high,12,23,29,439.25,30.96,24,1
high,12,23,30,406.64,23.71,130,1
high,12,23,31,380.87,22.15,199,1
high,12,23,32,358.44,17.99,183,1
high,12,23,33,334.04,22.59,137,1
high,12,23,34,307.92,22.49,14,0
high,12,24,29,427.39,135.21,5,0
high,12,24,30,446.11,43.95,7,0
high,12,24,31,412.09,26.37,59,1
high,12,24,32,387.91,21.02,133,1
high,12,24,33,354.66,22.73,360,1
high,12,24,34,322.67,20.10,101,1
high,12,24,35,288.29,15.55,5,0
high,12,25,32,425.52,43.60,25,1
high,12,25,33,380.66,24.61,223,1
high,12,25,34,348.23,24.02,533,1
high,12,25,35,321.94,19.05,298,1
high,12,25,36,293.67,16.66,56,1
high,12,25,37,271.25,16.12,7,0
high,12,26,34,374.85,27.57,57,1
high,12,26,35,347.99,23.63,348,1
high,12,26,36,324.07,19.31,500,1
high,12,26,37,299.54,18.97,241,1
high,12,26,38,277.76,14.34,34,1
high,12,26,39,251.33,11.13,6,0
high,12,27,35,354.94,39.48,6,0
high,12,27,36,349.03,22.03,101,1
high,12,27,37,322.84,19.69,400,1
high,12,27,38,299.43,17.78,411,1
high,12,27,39,279.66,15.47,146,1
high,12,27,40,264.31,20.28,26,1
high,12,28,37,347.96,27.88,12,0
high,12,28,38,320.15,19.39,143,1
high,12,28,39,298.99,17.26,380,1
high,12,28,40,279.68,15.76,344,1
high,12,28,41,265.01,16.39,87,1
high,12,28,42,244.46,10.95,11,0
high,12,29,39,329.45,19.80,28,1
high,12,29,40,298.95,15.35,184,1
high,12,29,41,281.16,15.17,371,1
high,12,29,42,264.23,14.70,262,1
high,12,29,43,245.75,15.69,66,1
high,12,29,44,234.22,17.56,8,0
high,12,30,41,304.54,48.15,50,1
high,12,30,42,281.65,16.52,244,1
high,12,30,43,264.38,13.98,385,1
high,12,30,44,248.26,12.29,197,1
high,12,30,45,235.15,12.33,37,1
high,12,30,46,220.72,14.85,10,0
high,12,31,42,303.54,28.65,7,0
high,12,31,43,278.19,14.71,80,1
high,12,31,44,265.14,14.63,284,1
high,12,31,45,250.73,12.87,320,1
high,12,31,46,236.55,10.50,135,1
high,12,31,47,225.56,24.77,25,1
high,12,31,48,211.15,17.07,9,0
high,12,32,43,285.85,27.54,5,0
high,12,32,44,280.22,29.00,13,0
high,12,32,45,264.87,14.54,121,1
high,12,32,46,250.22,12.65,314,1
high,12,32,47,237.23,12.22,292,1
high,12,32,48,226.74,13.24,111,1
high,12,32,49,210.97,14.86,15,1
high,12,33,46,266.09,23.81,34,1
high,12,33,47,252.20,13.54,150,1
high,12,33,48,238.24,11.83,326,1
high,12,33,49,231.60,13.15,404,1
high,12,33,50,225.94,12.12,320,1
high,12,33,51,215.50,11.63,196,1
high,12,33,52,202.69,13.58,45,1
high,12,33,53,207.96,24.33,8,0
high,12,34,49,250.95,22.61,10,0
high,12,34,50,237.23,14.82,53,1
high,12,34,51,226.87,11.51,213,1
high,12,34,52,219.00,11.49,304,1
high,12,34,53,212.57,12.00,354,1
high,12,34,54,206.93,10.95,247,1
high,12,34,55,197.85,12.51,125,1
high,12,34,56,186.10,9.53,20,1
high,12,34,57,171.32,17.03,12,0
high,12,35,53,224.84,10.03,29,1
high,12,35,54,216.71,11.93,139,1
high,12,35,55,208.99,11.23,284,1
high,12,35,56,203.95,11.56,325,1
high,12,35,57,196.36,10.76,645,1
high,12,35,58,190.61,10.71,637,1
high,12,35,59,181.38,10.65,417,1
high,13,4,1,709.96,86.64,14,0
high,13,5,1,827.42,76.57,245,1
high,13,5,2,714.26,80.43,32,1
high,13,6,1,911.43,60.42,441,1
high,13,6,2,827.33,73.60,354,1
high,13,6,3,723.05,65.86,97,1
high,13,6,4,653.18,75.54,19,1
high,13,7,1,930.94,69.37,5,0
high,13,7,2,917.44,54.86,231,1
high,13,7,3,851.29,72.20,534,1
high,13,7,4,743.18,62.65,271,1
high,13,7,5,652.51,58.12,75,1
high,13,7,6,565.32,36.76,9,0
high,13,8,3,941.06,49.91,90,1
high,13,8,4,871.16,71.38,498,1
high,13,8,5,768.97,66.70,491,1
high,13,8,6,667.37,53.70,189,1
high,13,8,7,592.31,40.77,27,1
high,13,8,8,554.23,61.72,8,0
high,13,9,4,954.29,37.13,24,1
high,13,9,5,887.09,66.47,282,1
high,13,9,6,790.69,70.02,538,1
high,13,9,7,693.40,58.71,362,1
high,13,9,8,607.72,36.26,119,1
high,13,9,9,549.47,35.96,21,1
high,13,10,6,912.89,57.02,119,1
high,13,10,7,815.06,77.03,393,1
high,13,10,8,713.28,65.05,462,1
high,13,10,9,635.95,46.64,268,1
high,13,10,10,562.41,33.08,90,1
high,13,10,11,502.71,36.71,21,1
high,13,11,7,940.47,43.29,20,1
high,13,11,8,840.27,72.23,204,1
high,13,11,9,735.93,66.63,421,1
high,13,11,10,645.89,53.02,415,1
high,13,11,11,577.53,41.15,190,1
high,13,11,12,527.40,30.30,45,1
high,13,11,13,483.15,41.10,13,0
high,13,12,9,860.11,68.57,79,1
high,13,12,10,760.00,77.77,242,1
high,13,12,11,665.71,53.72,402,1
high,13,12,12,593.72,47.29,307,1
high,13,12,13,535.96,44.99,156,1
high,13,12,14,488.81,31.28,35,1
high,13,12,15,445.64,21.87,5,0
high,13,13,10,901.12,85.93,11,0
high,13,13,11,783.68,77.63,114,1
high,13,13,12,684.87,55.24,281,1
high,13,13,13,609.39,46.06,383,1
high,13,13,14,549.82,38.18,253,1
high,13,13,15,502.89,34.27,96,1
high,13,13,16,458.89,25.75,23,1
high,13,14,12,803.38,73.45,23,1
high,13,14,13,706.40,60.22,158,1
high,13,14,14,623.80,46.58,319,1
high,13,14,15,559.00,38.92,348,1
high,13,14,16,512.84,34.26,208,1
high,13,14,17,465.99,37.64,79,1
high,13,14,18,421.08,23.63,6,0
high,13,15,14,723.67,88.34,53,1
high,13,15,15,639.98,50.53,176,1
high,13,15,16,571.90,38.52,326,1
high,13,15,17,520.50,35.99,284,1
high,13,15,18,477.45,27.39,139,1
high,13,15,19,445.80,26.96,50,1
high,13,15,20,422.94,27.20,7,0
high,13,16,15,762.63,97.89,10,0
high,13,16,16,656.27,47.90,68,1
high,13,16,17,590.65,39.83,221,1
high,13,16,18,533.57,35.44,321,1
high,13,16,19,487.65,28.80,266,1
high,13,16,20,448.68,24.77,111,1
high,13,16,21,412.66,15.51,24,1
high,13,17,17,676.47,25.46,12,0
high,13,17,18,592.94,62.35,79,1
high,13,17,19,547.97,40.29,233,1
high,13,17,20,499.00,29.94,314,1
high,13,17,21,456.34,27.73,215,1
high,13,17,22,428.64,25.92,71,1
high,13,17,23,391.48,20.12,16,1
high,13,18,18,677.34,80.42,6,0
high,13,18,19,630.70,48.23,38,1
high,13,18,20,553.63,39.82,130,1
high,13,18,21,509.62,35.94,233,1
high,13,18,22,461.78,28.75,258,1
high,13,18,23,433.17,25.94,146,1
high,13,18,24,402.95,18.63,52,1
high,13,18,25,365.75,22.87,13,0
high,13,19,20,633.13,40.67,5,0
high,13,19,21,561.79,37.64,40,1
high,13,19,22,516.82,33.34,147,1
high,13,19,23,475.00,29.14,240,1
high,13,19,24,438.14,25.07,241,1
high,13,19,25,411.53,24.19,101,1
high,13,19,26,386.99,21.63,30,1
high,13,19,27,365.61,12.46,7,0
high,13,20,22,598.90,35.29,15,1
high,13,20,23,524.32,40.16,59,1
high,13,20,24,486.98,27.80,186,1
high,13,20,25,442.76,27.95,267,1
high,13,20,26,414.83,22.91,192,1
high,13,20,27,389.76,19.78,99,1
high,13,20,28,360.18,32.14,24,1
high,13,20,29,329.10,13.65,5,0
high,13,21,24,528.26,40.99,21,1
high,13,21,25,496.45,28.70,74,1
high,13,21,26,452.94,26.55,215,1
high,13,21,27,419.81,24.26,234,1
high,13,21,28,394.04,20.59,161,1
high,13,21,29,367.70,20.42,53,1
high,13,21,30,345.38,18.64,28,1
high,13,22,26,501.91,33.05,34,1
high,13,22,27,465.85,30.95,93,1
high,13,22,28,430.81,24.44,229,1
high,13,22,29,397.63,21.23,230,1
high,13,22,30,372.72,20.00,113,1
high,13,22,31,350.99,14.74,40,1
high,13,22,32,326.07,34.67,10,0
high,13,23,27,504.84,33.55,11,0
high,13,23,28,477.75,26.98,32,1
high,13,23,29,434.36,25.24,139,1
high,13,23,30,406.78,22.81,198,1
high,13,23,31,377.80,20.52,176,1
high,13,23,32,358.91,16.90,104,1
high,13,23,33,334.89,25.40,33,1
high,13,24,29,443.06,86.39,12,0
high,13,24,30,440.63,26.54,61,1
high,13,24,31,407.29,22.39,143,1
high,13,24,32,383.98,21.07,213,1
high,13,24,33,357.67,18.46,220,1
high,13,24,34,325.57,27.13,39,1
high,13,25,31,464.89,44.12,22,1
high,13,25,32,418.58,25.89,72,1
high,13,25,33,380.78,25.20,450,1
high,13,25,34,352.60,24.34,561,1
high,13,25,35,325.11,19.56,168,1
high,13,25,36,299.72,37.20,21,1
high,13,26,33,422.52,53.68,10,0
high,13,26,34,380.68,27.55,168,1
high,13,26,35,352.56,22.48,529,1
high,13,26,36,326.05,18.64,401,1
high,13,26,37,301.26,18.22,126,1
high,13,26,38,298.42,32.15,8,0
high,13,27,35,389.84,26.42,28,1
high,13,27,36,353.59,21.34,240,1
high,13,27,37,325.75,19.33,519,1
high,13,27,38,303.92,18.61,314,1
high,13,27,39,279.64,16.01,57,1
high,13,27,40,271.84,42.50,6,0
high,13,28,37,349.16,28.13,60,1
high,13,28,38,324.81,18.67,260,1
high,13,28,39,304.09,17.38,492,1
high,13,28,40,282.69,15.97,222,1
high,13,28,41,267.91,20.47,42,1
high,13,28,42,257.02,29.05,6,0
high,13,29,38,365.09,16.48,8,0
high,13,29,39,327.83,19.77,82,1
high,13,29,40,303.53,17.49,393,1
high,13,29,41,284.87,17.12,358,1
high,13,29,42,264.14,15.05,160,1
high,13,29,43,251.54,12.64,22,1
high,13,30,40,325.74,31.02,12,0
high,13,30,41,303.11,18.83,133,1
high,13,30,42,284.67,15.58,399,1
high,13,30,43,267.38,13.81,322,1
high,13,30,44,250.67,11.89,96,1
high,13,30,45,236.03,21.48,18,1
high,13,31,42,304.75,17.80,29,1
high,13,31,43,285.21,15.96,174,1
high,13,31,44,267.20,15.03,327,1
high,13,31,45,252.55,12.37,246,1
high,13,31,46,240.00,11.37,64,1
high,13,31,47,226.14,17.83,9,0
high,13,32,44,284.38,16.06,42,1
high,13,32,45,267.47,15.25,226,1
high,13,32,46,252.30,12.65,317,1
high,13,32,47,238.05,11.41,173,1
high,13,32,48,225.39,13.44,38,1
high,13,32,49,227.39,13.71,5,0
high,13,33,45,270.67,27.90,8,0
high,13,33,46,270.06,21.10,79,1
high,13,33,47,254.50,13.73,266,1
high,13,33,48,243.00,13.37,360,1
high,13,33,49,235.70,11.89,393,1
high,13,33,50,228.24,11.62,290,1
high,13,33,51,216.39,11.85,94,1
high,13,33,52,211.48,17.11,19,1
high,13,33,53,193.81,24.05,6,0
high,13,34,49,252.83,17.96,22,1
high,13,34,50,237.37,16.05,142,1
high,13,34,51,229.43,11.89,295,1
high,13,34,52,222.12,12.02,387,1
high,13,34,53,215.28,12.47,301,1
high,13,34,54,209.09,9.63,151,1
high,13,34,55,196.74,11.40,42,1
high,13,34,56,191.77,18.58,12,0
high,13,35,52,241.53,14.60,8,0
high,13,35,53,224.47,15.92,76,1
high,13,35,54,218.93,10.99,220,1
high,13,35,55,211.15,11.84,322,1
high,13,35,56,206.93,11.34,342,1
high,13,35,57,201.04,13.70,663,1
high,13,35,58,193.27,11.36,641,1
high,13,35,59,181.75,10.95,296,1
high,14,5,1,812.93,64.05,53,1
high,14,6,1,902.75,65.72,329,1
high,14,6,2,804.82,59.83,119,1
high,14,6,3,726.61,66.85,20,1
high,14,7,1,952.47,37.67,41,1
high,14,7,2,916.88,54.73,348,1
high,14,7,3,841.05,76.30,286,1
high,14,7,4,736.97,53.68,60,1
high,14,7,5,662.14,36.18,13,0
high,14,8,2,936.70,83.35,7,0
high,14,8,3,924.78,52.84,250,1
high,14,8,4,859.75,70.28,474,1
high,14,8,5,753.73,58.78,217,1
high,14,8,6,658.79,39.68,34,1
high,14,8,7,617.61,36.62,6,0
high,14,9,4,938.86,39.79,109,1
high,14,9,5,881.77,64.11,483,1
high,14,9,6,780.65,70.69,429,1
high,14,9,7,684.96,48.19,141,1
high,14,9,8,615.60,54.64,25,1
high,14,9,9,534.93,15.37,6,0
high,14,10,5,942.80,58.62,24,1
high,14,10,6,894.58,60.05,351,1
high,14,10,7,802.58,72.10,536,1
high,14,10,8,701.74,55.23,295,1
high,14,10,9,625.52,42.09,83,1
high,14,10,10,564.32,36.79,14,0
high,14,11,7,915.65,53.89,160,1
high,14,11,8,824.29,71.02,444,1
high,14,11,9,720.20,58.26,476,1
high,14,11,10,638.65,46.70,197,1
high,14,11,11,571.96,37.88,53,1
high,14,11,12,505.59,23.35,11,0
high,14,12,8,947.34,36.79,35,1
high,14,12,9,855.05,69.23,292,1
high,14,12,10,743.54,62.85,416,1
high,14,12,11,657.01,48.05,386,1
high,14,12,12,585.43,42.65,153,1
high,14,12,13,546.71,55.17,33,1
high,14,13,10,860.38,69.28,93,1
high,14,13,11,767.66,67.92,332,1
high,14,13,12,675.68,54.06,427,1
high,14,13,13,597.55,42.14,296,1
high,14,13,14,547.18,40.67,108,1
high,14,13,15,509.35,53.02,27,1
high,14,14,11,885.43,49.06,26,1
high,14,14,12,795.16,66.97,168,1
high,14,14,13,692.97,63.11,324,1
high,14,14,14,616.51,46.35,398,1
high,14,14,15,563.70,46.50,229,1
high,14,14,16,504.45,30.48,69,1
high,14,14,17,472.69,74.31,14,0
high,14,15,12,896.97,109.24,5,0
high,14,15,13,810.58,70.15,46,1
high,14,15,14,713.79,63.59,189,1
high,14,15,15,637.10,52.33,356,1
high,14,15,16,570.68,40.25,350,1
high,14,15,17,514.35,34.01,174,1
high,14,15,18,477.77,35.49,46,1
high,14,15,19,464.84,17.77,8,0
high,14,16,14,870.59,128.74,13,0
high,14,16,15,743.54,68.79,77,1
high,14,16,16,654.65,52.93,216,1
high,14,16,17,577.40,41.69,352,1
high,14,16,18,529.46,33.68,286,1
high,14,16,19,484.27,24.65,110,1
high,14,16,20,446.84,24.54,16,1
high,14,17,16,768.27,78.16,28,1
high,14,17,17,671.59,62.56,105,1
high,14,17,18,595.96,45.62,233,1
high,14,17,19,535.59,33.68,317,1
high,14,17,20,493.89,32.14,217,1
high,14,17,21,455.03,23.72,79,1
high,14,17,22,423.95,47.35,15,1
high,14,18,18,705.61,82.02,27,1
high,14,18,19,603.35,40.98,134,1
high,14,18,20,545.08,37.80,276,1
high,14,18,21,503.33,31.86,279,1
high,14,18,22,461.74,27.80,139,1
high,14,18,23,429.12,29.13,63,1
high,14,18,24,395.88,25.22,8,0
high,14,19,19,726.12,159.69,7,0
high,14,19,20,622.74,53.25,50,1
high,14,19,21,563.23,42.88,185,1
high,14,19,22,514.36,33.29,279,1
high,14,19,23,468.01,27.99,248,1
high,14,19,24,432.63,25.14,120,1
high,14,19,25,409.65,59.39,40,1
high,14,19,26,382.08,12.95,5,0
high,14,20,21,641.30,58.40,12,0
high,14,20,22,575.82,39.82,63,1
high,14,20,23,521.70,34.88,175,1
high,14,20,24,479.48,31.11,278,1
high,14,20,25,445.73,27.42,204,1
high,14,20,26,410.70,23.04,96,1
high,14,20,27,396.46,33.03,21,1
high,14,20,28,388.48,38.37,6,0
high,14,21,23,598.45,44.53,15,1
high,14,21,24,538.59,33.64,90,1
high,14,21,25,488.53,29.34,214,1
high,14,21,26,451.22,26.55,266,1
high,14,21,27,418.57,29.58,192,1
high,14,21,28,390.30,23.67,73,1
high,14,21,29,368.17,17.33,18,1
high,14,21,30,344.41,17.07,7,0
high,14,22,24,621.04,29.74,5,0
high,14,22,25,547.57,39.73,24,1
high,14,22,26,497.91,37.27,121,1
high,14,22,27,460.67,31.25,231,1
high,14,22,28,425.39,24.42,226,1
high,14,22,29,395.00,22.27,122,1
high,14,22,30,371.84,19.29,41,1
high,14,22,31,356.93,33.87,6,0
high,14,23,26,537.98,56.70,14,0
high,14,23,27,511.48,28.24,42,1
high,14,23,28,467.91,26.20,135,1
high,14,23,29,431.28,25.26,256,1
high,14,23,30,401.27,21.33,227,1
high,14,23,31,377.33,52.84,114,1
high,14,23,32,361.43,25.94,29,1
high,14,23,33,331.36,21.47,10,0
high,14,24,28,540.77,31.10,12,0
high,14,24,29,473.62,31.48,60,1
high,14,24,30,436.76,25.60,172,1
high,14,24,31,409.70,23.34,226,1
high,14,24,32,383.88,18.81,158,1
high,14,24,33,352.28,25.11,100,1
high,14,24,34,335.10,25.81,6,0
high,14,25,30,482.25,53.89,20,1
high,14,25,31,451.23,33.02,84,1
high,14,25,32,420.27,27.73,202,1
high,14,25,33,388.84,27.83,688,1
high,14,25,34,356.68,21.56,404,1
high,14,25,35,325.92,26.04,70,1
high,14,26,33,443.24,31.20,49,1
high,14,26,34,388.57,26.94,413,1
high,14,26,35,356.48,23.72,544,1
high,14,26,36,328.38,19.69,264,1
high,14,26,37,301.50,28.09,28,1
high,14,27,35,387.72,24.31,95,1
high,14,27,36,355.87,22.14,425,1
high,14,27,37,329.98,20.29,482,1
high,14,27,38,304.35,16.53,177,1
high,14,27,39,282.90,12.33,9,0
high,14,28,36,388.05,33.23,17,1
high,14,28,37,356.06,20.42,167,1
high,14,28,38,328.72,19.28,468,1
high,14,28,39,306.35,18.72,375,1
high,14,28,40,286.02,18.31,105,1
high,14,28,41,275.89,23.10,10,0
high,14,29,38,358.04,30.87,31,1
high,14,29,39,329.03,17.87,231,1
high,14,29,40,305.95,17.41,424,1
high,14,29,41,286.48,15.99,281,1
high,14,29,42,266.15,14.05,51,1
high,14,29,43,262.22,28.74,7,0
high,14,30,40,334.62,18.52,39,1
high,14,30,41,306.84,17.89,276,1
high,14,30,42,287.62,15.68,405,1
high,14,30,43,270.32,14.76,195,1
high,14,30,44,260.58,28.12,34,1
high,14,31,41,305.83,76.19,6,0
high,14,31,42,306.57,18.27,94,1
high,14,31,43,284.98,15.93,321,1
high,14,31,44,269.09,14.66,318,1
high,14,31,45,253.38,13.91,128,1
high,14,31,46,237.13,9.75,24,1
high,14,32,43,306.25,23.65,13,0
high,14,32,44,284.93,16.28,151,1
high,14,32,45,268.03,13.85,335,1
high,14,32,46,253.67,13.53,273,1
high,14,32,47,240.28,12.41,70,1
high,14,32,48,230.32,16.08,15,1
high,14,33,45,293.74,26.35,34,1
high,14,33,46,274.38,16.43,167,1
high,14,33,47,256.39,14.79,383,1
high,14,33,48,248.22,13.46,432,1
high,14,33,49,240.64,14.71,392,1
high,14,33,50,227.35,11.91,165,1
high,14,33,51,220.49,10.74,41,1
high,14,33,52,207.48,15.29,7,0
high,14,34,48,262.75,46.15,9,0
high,14,34,49,255.25,18.35,85,1
high,14,34,50,241.74,12.86,264,1
high,14,34,51,233.29,12.01,346,1
high,14,34,52,226.42,12.47,364,1
high,14,34,53,218.74,12.11,275,1
high,14,34,54,208.63,9.96,104,1
high,14,34,55,204.95,8.90,19,1
high,14,34,56,187.21,4.58,6,0
high,14,35,47,300.21,163.51,5,0
high,14,35,51,336.95,221.25,7,0
high,14,35,52,242.27,19.21,37,1
high,14,35,53,229.73,11.31,163,1
high,14,35,54,221.28,18.01,286,1
high,14,35,55,215.25,13.96,389,1
high,14,35,56,211.31,11.98,352,1
high,14,35,57,204.29,11.97,660,1
high,14,35,58,195.41,10.65,514,1
high,14,35,59,182.66,12.63,155,1
high,15,6,1,924.84,52.54,92,1
high,15,6,2,796.17,36.77,10,0
high,15,7,1,954.35,32.59,42,1
high,15,7,2,913.30,56.86,140,1
high,15,7,3,819.76,62.49,60,1
high,15,8,2,965.86,38.64,16,1
high,15,8,3,922.66,54.69,198,1
high,15,8,4,863.37,68.31,166,1
high,15,8,5,743.70,39.55,30,1
high,15,9,4,943.77,43.72,155,1
high,15,9,5,876.53,71.33,334,1
high,15,9,6,773.38,53.48,99,1
high,15,9,7,692.02,61.22,12,0
high,15,10,5,952.25,42.45,61,1
high,15,10,6,896.27,64.61,377,1
high,15,10,7,799.70,73.73,257,1
high,15,10,8,692.73,42.21,62,1
high,15,10,9,616.45,19.66,9,0
high,15,11,6,968.39,27.77,18,1
high,15,11,7,909.34,55.75,286,1
high,15,11,8,825.48,76.36,406,1
high,15,11,9,719.03,51.77,206,1
high,15,11,10,637.96,40.95,32,1
high,15,12,7,870.77,116.44,5,0
high,15,12,8,920.70,50.73,135,1
high,15,12,9,842.07,69.18,474,1
high,15,12,10,746.44,65.02,325,1
high,15,12,11,654.34,39.28,112,1
high,15,12,12,593.28,31.47,24,1
high,15,13,9,951.65,32.87,46,1
high,15,13,10,862.30,67.07,247,1
high,15,13,11,769.69,65.88,384,1
high,15,13,12,671.82,48.35,254,1
high,15,13,13,597.57,36.86,79,1
high,15,13,14,546.27,29.19,11,0
high,15,14,10,960.04,38.24,6,0
high,15,14,11,891.15,51.86,115,1
high,15,14,12,793.57,68.50,330,1
high,15,14,13,688.78,56.35,347,1
high,15,14,14,616.78,44.96,166,1
high,15,14,15,551.91,29.12,49,1
high,15,14,16,522.54,28.51,10,0
high,15,15,12,906.56,44.14,37,1
high,15,15,13,808.82,70.56,203,1
high,15,15,14,710.59,56.86,328,1
high,15,15,15,625.38,46.10,273,1
high,15,15,16,565.31,37.98,132,1
high,15,15,17,519.18,34.87,31,1
high,15,15,18,493.09,99.55,8,0
high,15,16,13,900.90,104.75,11,0
high,15,16,14,833.19,74.29,79,1
high,15,16,15,722.33,61.72,219,1
high,15,16,16,649.04,49.01,337,1
high,15,16,17,578.54,41.28,261,1
high,15,16,18,532.49,31.55,81,1
high,15,16,19,493.39,43.75,16,1
high,15,17,15,801.81,140.77,10,0
high,15,17,16,746.57,62.32,96,1
high,15,17,17,663.67,48.39,272,1
high,15,17,18,596.52,41.75,277,1
high,15,17,19,540.17,37.97,192,1
high,15,17,20,497.19,27.95,65,1
high,15,17,21,461.00,23.80,6,0
high,15,18,17,771.21,65.70,38,1
high,15,18,18,685.71,56.42,146,1
high,15,18,19,609.97,45.53,254,1
high,15,18,20,548.61,35.93,257,1
high,15,18,21,504.12,29.24,136,1
high,15,18,22,461.68,31.72,30,1
high,15,19,19,698.93,57.84,54,1
high,15,19,20,615.86,43.48,116,1
high,15,19,21,561.41,38.34,279,1
high,15,19,22,513.71,31.18,231,1
high,15,19,23,469.48,30.34,101,1
high,15,19,24,431.93,23.84,36,1
high,15,20,20,707.84,101.45,11,0
high,15,20,21,637.14,60.46,60,1
high,15,20,22,571.14,39.48,176,1
high,15,20,23,525.90,34.87,284,1
high,15,20,24,475.95,30.83,172,1
high,15,20,25,442.19,28.02,76,1
high,15,20,26,412.36,17.67,12,0
high,15,21,22,669.70,37.11,16,1
high,15,21,23,585.27,41.34,89,1
high,15,21,24,530.23,36.69,220,1
high,15,21,25,485.37,29.70,246,1
high,15,21,26,450.65,25.46,134,1
high,15,21,27,415.56,20.52,49,1
high,15,21,28,394.22,28.23,15,1
high,15,22,24,605.06,41.62,34,1
high,15,22,25,544.52,38.50,107,1
high,15,22,26,491.97,29.38,219,1
high,15,22,27,458.36,27.95,216,1
high,15,22,28,421.63,21.01,101,1
high,15,22,29,394.56,19.77,34,1
high,15,22,30,404.00,68.87,7,0
high,15,23,26,556.88,36.55,43,1
high,15,23,27,505.70,32.58,117,1
high,15,23,28,465.91,29.54,237,1
high,15,23,29,432.71,21.46,199,1
high,15,23,30,401.89,17.88,71,1
high,15,23,31,373.27,21.05,19,1
high,15,24,27,574.83,56.50,14,0
high,15,24,28,504.63,29.28,74,1
high,15,24,29,471.00,28.08,149,1
high,15,24,30,438.58,26.35,209,1
high,15,24,31,408.02,23.10,148,1
high,15,24,32,386.53,20.32,56,1
high,15,24,33,350.77,17.10,16,1
high,15,25,29,522.49,44.17,15,1
high,15,25,30,476.12,27.11,86,1
high,15,25,31,450.36,30.13,198,1
high,15,25,32,426.31,32.09,296,1
high,15,25,33,398.78,27.21,497,1
high,15,25,34,364.54,21.21,128,1
high,15,25,35,366.39,60.20,8,0
high,15,26,32,484.06,22.15,7,0
high,15,26,33,439.01,33.36,180,1
high,15,26,34,400.64,27.47,480,1
high,15,26,35,364.42,23.48,365,1
high,15,26,36,334.76,21.90,76,1
high,15,27,34,439.77,41.23,23,1
high,15,27,35,395.88,26.04,258,1
high,15,27,36,364.31,24.69,449,1
high,15,27,37,336.29,18.87,259,1
high,15,27,38,305.61,14.40,41,1
high,15,28,36,399.73,24.40,52,1
high,15,28,37,361.60,22.56,322,1
high,15,28,38,338.06,19.91,395,1
high,15,28,39,311.56,18.63,168,1
high,15,28,40,288.00,15.07,21,1
high,15,29,38,365.32,22.53,93,1
high,15,29,39,333.70,22.15,348,1
high,15,29,40,312.31,18.30,316,1
high,15,29,41,291.46,16.13,118,1
high,15,29,42,282.56,36.72,14,0
high,15,30,39,399.08,161.47,11,0
high,15,30,40,338.25,19.69,134,1
high,15,30,41,311.35,17.23,342,1
high,15,30,42,291.71,14.23,243,1
high,15,30,43,272.91,17.03,55,1
high,15,30,44,264.12,15.12,7,0
high,15,31,41,345.01,24.72,31,1
high,15,31,42,313.59,18.42,197,1
high,15,31,43,291.73,15.22,314,1
high,15,31,44,273.40,13.26,176,1
high,15,31,45,252.93,16.79,41,1
high,15,31,46,238.80,11.21,6,0
high,15,32,42,312.95,25.64,5,0
high,15,32,43,312.45,17.61,44,1
high,15,32,44,290.38,16.42,222,1
high,15,32,45,273.81,14.64,283,1
high,15,32,46,258.50,26.32,154,1
high,15,32,47,248.30,13.58,25,1
high,15,32,48,238.44,22.55,6,0
high,15,33,44,292.56,24.30,8,0
high,15,33,45,292.50,19.59,97,1
high,15,33,46,274.55,16.85,266,1
high,15,33,47,262.00,15.06,374,1
high,15,33,48,254.96,15.20,337,1
high,15,33,49,242.46,12.59,209,1
high,15,33,50,229.09,12.12,59,1
high,15,33,51,224.49,22.77,9,0
high,15,34,48,274.48,22.42,22,1
high,15,34,49,257.81,14.91,124,1
high,15,34,50,247.68,12.77,274,1
high,15,34,51,238.40,13.65,364,1
high,15,34,52,230.26,11.08,243,1
high,15,34,53,220.36,13.12,123,1
high,15,34,54,211.95,10.24,36,1
high,15,35,51,248.35,21.83,13,0
high,15,35,52,243.96,13.17,84,1
high,15,35,53,232.98,12.02,195,1
high,15,35,54,225.43,11.64,272,1
high,15,35,55,220.17,10.80,284,1
high,15,35,56,214.54,11.67,273,1
high,15,35,57,208.22,10.80,613,1
high,15,35,58,199.72,10.27,350,1
high,15,35,59,187.94,13.65,60,1
high,16,13,10,947.01,40.60,9,0
high,16,14,11,918.90,40.93,14,0
high,16,15,13,882.19,35.17,19,1
high,16,16,14,896.52,69.52,6,0
high,16,16,15,761.88,67.46,5,0
high,16,17,15,904.57,60.19,11,0
high,16,17,16,773.24,62.28,17,1
high,16,17,17,725.86,47.24,12,0
high,16,18,17,822.43,57.09,13,0
high,16,18,18,719.63,29.81,12,0
high,16,19,18,820.30,57.17,7,0
high,16,19,19,709.69,51.95,21,1
high,16,19,20,667.25,26.18,12,0
high,16,20,20,745.83,27.03,5,0
high,16,20,21,660.84,46.86,13,0
high,16,20,22,603.71,23.47,7,0
high,16,21,22,686.46,52.69,12,0
high,16,21,23,616.86,44.81,16,1
high,16,22,23,660.28,23.87,5,0
high,16,22,24,627.79,48.11,12,0
high,16,22,25,569.08,31.33,11,0
high,16,23,25,633.06,36.77,9,0
high,16,23,26,574.08,35.13,14,0
high,16,24,28,543.34,37.09,9,0
high,16,25,29,561.74,42.49,10,0
high,16,25,30,521.52,30.51,12,0
high,16,25,31,496.70,23.87,12,0
high,16,25,32,460.15,19.99,9,0
high,16,26,33,467.86,26.06,22,1
high,16,26,34,448.42,25.03,16,1
high,16,27,34,458.97,24.66,12,0
high,16,27,35,428.75,26.57,22,1
high,16,27,36,410.47,16.67,7,0
high,16,28,36,422.62,26.20,11,0
high,16,28,37,398.50,26.55,19,1
high,16,29,38,378.28,21.28,13,0
high,16,29,39,369.72,14.08,12,0
high,16,30,39,378.40,25.29,6,0
high,16,30,40,352.18,23.35,19,1
high,16,30,41,338.74,12.48,12,0
high,16,31,41,344.39,11.55,9,0
high,16,31,42,332.73,17.62,14,0
high,16,31,43,313.17,16.13,7,0
high,16,32,44,301.21,11.55,7,0
high,16,33,45,305.22,7.24,7,0
high,16,33,46,297.92,17.62,15,1
high,16,33,47,285.35,12.14,15,1
high,16,33,48,267.79,6.25,6,0
high,16,34,48,275.46,6.92,5,0
high,16,34,49,276.30,12.14,15,1
high,16,34,50,268.58,12.30,12,0
high,16,34,51,258.59,9.59,11,0
high,16,35,51,359.60,116.62,6,0
high,16,35,52,274.75,58.36,9,0
high,16,35,53,251.34,11.65,11,0
high,16,35,54,237.15,9.04,10,0
high,16,35,55,235.03,16.49,8,0
high,16,35,56,229.97,6.45,12,0
high,16,35,57,224.78,10.04,18,1
high,16,35,58,210.62,6.72,7,0
low,1,1,14,192.97,10.84,5,0
low,1,1,15,184.36,9.53,13,0
low,1,1,16,183.86,11.04,19,1
low,1,1,17,178.62,8.87,38,1
low,1,1,18,174.28,8.01,26,1
low,1,1,19,173.54,9.51,21,1
low,1,1,20,169.87,8.22,24,1
low,1,1,21,163.84,9.51,11,0
low,1,1,22,162.64,10.18,9,0
low,1,1,24,150.60,4.81,5,0
low,1,2,16,186.56,7.16,6,0
low,1,2,17,182.95,11.87,11,0
low,1,2,18,177.46,7.98,17,1
low,1,2,19,177.11,8.28,28,1
low,1,2,20,171.86,7.27,11,0
low,1,2,21,168.47,5.93,14,0
low,1,2,22,164.52,5.83,12,0
low,1,2,23,160.90,10.81,8,0
low,1,2,24,157.40,2.50,7,0
low,1,2,28,144.02,6.02,5,0
low,1,3,17,180.65,5.29,6,0
low,1,3,18,186.51,2.84,8,0
low,1,3,19,178.99,9.87,15,1
low,1,3,20,173.48,7.37,18,1
low,1,3,21,173.72,6.97,19,1
low,1,3,22,171.66,6.79,25,1
low,1,3,23,167.07,6.05,23,1
low,1,3,24,161.59,10.03,21,1
low,1,3,25,162.16,7.06,15,1
low,1,4,19,183.29,9.99,7,0
low,1,4,20,184.31,7.68,10,0
low,1,4,21,174.41,5.43,18,1
low,1,4,22,173.08,9.22,20,1
low,1,4,23,167.77,6.23,14,0
low,1,4,24,166.67,6.28,13,0
low,1,4,25,162.23,8.47,17,1
low,1,4,26,159.63,7.91,12,0
low,1,4,27,149.18,4.23,6,0
low,1,4,28,153.66,5.38,8,0
low,1,5,22,177.42,7.81,6,0
low,1,5,23,174.78,7.48,16,1
low,1,5,24,171.36,5.82,22,1
low,1,5,25,165.95,5.59,20,1
low,1,5,26,164.96,8.82,23,1
low,1,5,27,162.91,7.52,18,1
low,1,5,28,155.11,8.21,6,0
low,1,5,29,158.67,6.81,6,0
low,1,5,30,150.43,5.36,7,0
low,1,6,23,181.93,3.59,5,0
low,1,6,24,173.27,8.02,11,0
low,1,6,25,167.97,9.52,13,0
low,1,6,26,167.22,8.48,14,0
low,1,6,27,162.00,6.24,19,1
low,1,6,28,160.76,8.00,16,1
low,1,6,29,159.64,5.04,19,1
low,1,6,30,157.28,9.23,11,0
low,1,6,31,154.83,4.05,8,0
low,1,6,32,149.98,6.97,6,0
low,1,6,33,147.90,5.52,5,0
low,1,7,25,174.02,4.18,6,0
low,1,7,26,173.46,8.26,11,0
low,1,7,27,167.14,7.07,12,0
low,1,7,28,169.43,7.93,11,0
low,1,7,29,162.21,5.67,23,1
low,1,7,30,163.21,7.24,15,1
low,1,7,31,156.36,8.17,15,1
low,1,7,32,152.77,6.67,8,0
low,1,7,33,149.97,6.78,13,0
low,1,8,28,170.44,6.66,13,0
low,1,8,29,160.77,9.04,17,1
low,1,8,30,161.74,5.95,21,1
low,1,8,31,160.20,6.46,21,1
low,1,8,32,154.36,7.13,14,0
low,1,8,33,153.74,7.67,19,1
low,1,8,34,146.86,8.53,11,0
low,1,9,28,169.30,6.62,6,0
low,1,9,30,167.16,8.56,20,1
low,1,9,31,166.08,6.92,18,1
low,1,9,32,160.26,7.01,18,1
low,1,9,33,155.81,8.03,38,1
low,1,9,34,151.82,5.38,15,1
low,1,9,35,145.50,7.24,8,0
low,1,9,36,146.90,22.54,10,0
low,1,10,29,169.05,9.32,6,0
low,1,10,30,166.72,6.92,8,0
low,1,10,32,165.47,4.42,7,0
low,1,10,33,158.52,6.74,37,1
low,1,10,34,155.69,6.60,33,1
low,1,10,35,150.36,3.66,16,1
low,1,10,36,143.32,6.52,10,0
low,1,10,37,139.43,3.28,6,0
low,1,11,33,159.95,7.43,30,1
low,1,11,34,156.32,6.30,26,1
low,1,11,35,152.57,5.60,17,1
low,1,11,36,148.14,9.07,14,0
low,1,11,37,145.16,6.82,18,1
low,1,12,34,162.35,6.21,28,1
low,1,12,35,153.39,6.09,27,1
low,1,12,36,153.08,6.12,31,1
low,1,12,37,144.87,6.43,15,1
low,1,12,38,139.22,6.79,5,0
low,1,12,39,138.46,6.49,5,0
low,1,13,34,161.61,12.06,10,0
low,1,13,35,158.54,6.10,16,1
low,1,13,36,151.79,7.09,30,1
low,1,13,37,148.11,8.08,23,1
low,1,13,38,145.48,5.55,11,0
low,1,13,39,142.90,3.83,6,0
low,1,14,35,160.29,8.34,10,0
low,1,14,36,151.89,5.88,23,1
low,1,14,37,151.43,7.08,22,1
low,1,14,38,147.73,7.58,17,1
low,1,14,39,143.22,7.87,18,1
low,1,14,40,138.71,6.19,7,0
low,1,15,35,158.98,5.48,5,0
low,1,15,36,158.36,8.97,11,0
low,1,15,37,156.54,7.99,27,1
low,1,15,38,149.53,6.71,27,1
low,1,15,39,146.98,7.81,23,1
low,1,15,40,142.33,4.57,6,0
low,1,16,36,161.96,5.00,6,0
low,1,16,37,152.53,6.27,9,0
low,1,16,38,152.67,5.92,19,1
low,1,16,39,148.39,5.31,18,1
low,1,16,40,143.65,5.23,24,1
low,1,16,41,143.54,6.37,12,0
low,1,16,42,137.56,9.73,10,0
low,1,17,38,152.06,8.51,12,0
low,1,17,39,147.44,6.18,24,1
low,1,17,40,144.06,8.18,31,1
low,1,17,41,141.02,7.16,16,1
low,1,17,42,137.78,5.11,11,0
low,1,18,39,151.67,7.67,15,1
low,1,18,40,147.44,7.03,19,1
low,1,18,41,143.80,7.27,33,1
low,1,18,42,139.19,9.50,20,1
low,1,18,43,137.08,3.02,13,0
low,1,18,44,131.88,10.80,10,0
low,1,19,39,150.88,9.39,5,0
low,1,19,40,150.75,6.75,16,1
low,1,19,41,145.16,6.47,23,1
low,1,19,42,145.17,7.82,22,1
low,1,19,43,136.55,7.89,23,1
low,1,19,44,134.63,4.47,9,0
low,1,19,45,127.84,7.96,5,0
low,1,20,41,150.68,9.01,6,0
low,1,20,42,144.03,5.71,17,1
low,1,20,43,139.90,5.89,28,1
low,1,20,44,134.66,7.76,19,1
low,1,20,45,132.77,6.95,13,0
low,1,20,46,126.84,4.00,10,0
low,1,21,41,147.56,2.84,8,0
low,1,21,42,146.71,6.64,19,1
low,1,21,43,143.21,5.92,27,1
low,1,21,44,138.54,7.07,18,1
low,1,21,45,135.87,7.84,13,0
low,1,21,46,132.36,5.09,13,0
low,1,21,47,133.28,4.14,6,0
low,1,22,42,144.06,5.39,13,0
low,1,22,43,144.12,6.10,20,1
low,1,22,44,140.40,5.39,24,1
low,1,22,45,138.34,5.29,17,1
low,1,22,46,133.69,6.04,12,0
low,1,22,47,134.54,7.03,12,0
low,1,23,43,141.25,6.94,10,0
low,1,23,44,142.90,5.13,16,1
low,1,23,45,141.41,5.53,24,1
low,1,23,46,134.22,6.69,13,0
low,1,23,47,134.06,7.72,13,0
low,1,23,48,131.05,6.09,13,0
low,1,23,49,123.67,4.91,5,0
low,1,24,44,144.14,5.80,10,0
low,1,24,45,139.32,7.06,14,0
low,1,24,46,140.96,8.23,16,1
low,1,24,47,134.22,5.31,16,1
low,1,24,48,132.03,7.01,17,1
low,1,24,49,131.46,6.77,5,0
low,1,25,45,139.27,7.37,21,1
low,1,25,46,138.48,4.96,22,1
low,1,25,47,136.68,5.55,36,1
low,1,25,48,132.79,6.80,33,1
low,1,25,49,128.84,5.91,23,1
low,1,25,50,129.54,6.39,18,1
low,1,25,51,125.03,4.59,13,0
low,1,25,52,125.08,5.74,7,0
low,1,26,46,142.16,2.81,5,0
low,1,26,47,136.59,6.92,14,0
low,1,26,48,136.73,8.26,22,1
low,1,26,49,135.00,6.98,36,1
low,1,26,50,132.43,6.46,33,1
low,1,26,51,130.24,4.96,16,1
low,1,26,52,125.81,7.36,23,1
low,1,26,53,121.81,4.25,9,0
low,1,27,48,136.71,7.19,8,0
low,1,27,49,134.38,5.78,27,1
low,1,27,50,134.53,5.96,23,1
low,1,27,51,132.86,6.86,20,1
low,1,27,52,129.86,6.24,38,1
low,1,27,53,125.44,7.53,25,1
low,1,27,54,123.38,5.15,15,1
low,1,27,55,118.00,6.43,7,0
low,1,27,57,119.33,5.05,8,0
low,1,28,49,137.85,9.46,7,0
low,1,28,50,134.54,4.75,7,0
low,1,28,51,132.66,5.75,18,1
low,1,28,52,131.18,5.88,27,1
low,1,28,53,130.56,5.53,27,1
low,1,28,54,128.41,4.73,27,1
low,1,28,55,124.11,6.40,23,1
low,1,28,56,123.35,5.64,11,0
low,1,28,57,119.63,6.07,11,0
low,1,29,52,126.12,4.81,11,0
low,1,29,53,129.07,5.59,17,1
low,1,29,54,127.18,5.28,27,1
low,1,29,55,127.38,6.20,20,1
low,1,29,56,125.40,4.72,25,1
low,1,29,57,119.72,5.86,23,1
low,1,29,58,117.77,5.06,17,1
low,1,29,59,109.13,6.29,8,0
low,1,30,53,127.64,7.71,8,0
low,1,30,54,131.24,4.81,9,0
low,1,30,55,126.90,4.60,13,0
low,1,30,56,126.29,6.25,24,1
low,1,30,57,123.20,5.01,48,1
low,1,30,58,121.55,6.70,17,1
low,1,30,59,115.77,5.54,21,1
low,1,31,55,125.12,7.13,11,0
low,1,31,56,128.61,5.94,12,0
low,1,31,57,125.13,6.01,43,1
low,1,31,58,121.90,6.85,48,1
low,1,31,59,116.60,6.47,38,1
low,1,32,56,125.67,4.76,7,0
low,1,32,57,126.83,4.18,18,1
low,1,32,58,123.64,6.00,30,1
low,1,32,59,118.16,6.54,59,1
low,1,33,58,122.18,6.90,24,1
low,1,33,59,119.14,6.62,131,1
low,1,34,59,119.94,7.13,44,1
low,1,35,59,117.48,6.32,10,0
low,2,1,12,200.94,13.71,8,0
low,2,1,13,199.83,9.58,23,1
low,2,1,14,194.37,6.61,35,1
low,2,1,15,189.26,8.62,53,1
low,2,1,16,184.12,9.08,79,1
low,2,1,17,181.89,7.02,56,1
low,2,1,18,175.86,10.15,27,1
low,2,1,19,171.72,7.16,27,1
low,2,1,20,168.50,7.35,21,1
low,2,1,21,165.26,6.32,10,0
low,2,2,14,195.73,14.35,7,0
low,2,2,15,191.20,9.13,19,1
low,2,2,16,189.88,9.30,30,1
low,2,2,17,186.47,7.15,27,1
low,2,2,18,179.39,7.50,45,1
low,2,2,19,177.29,7.11,45,1
low,2,2,20,175.15,6.73,30,1
low,2,2,21,168.86,7.55,31,1
low,2,2,22,168.67,12.56,14,0
low,2,2,23,166.26,7.87,13,0
low,2,3,16,195.12,6.12,8,0
low,2,3,17,185.94,8.99,26,1
low,2,3,18,190.12,8.56,27,1
low,2,3,19,184.41,8.40,40,1
low,2,3,20,178.37,9.60,40,1
low,2,3,21,174.88,8.89,45,1
low,2,3,22,171.62,8.71,41,1
low,2,3,23,166.87,8.61,21,1
low,2,3,24,162.82,9.98,15,1
low,2,3,25,164.26,5.70,6,0
low,2,4,18,189.85,7.73,9,0
low,2,4,19,187.08,6.84,21,1
low,2,4,20,181.46,8.72,30,1
low,2,4,21,177.51,9.42,42,1
low,2,4,22,174.98,8.01,33,1
low,2,4,23,171.20,6.36,33,1
low,2,4,24,170.10,6.77,32,1
low,2,4,25,165.14,9.12,13,0
low,2,4,26,163.19,8.01,19,1
low,2,4,27,160.39,8.89,6,0
low,2,5,19,186.23,8.39,6,0
low,2,5,20,185.74,9.41,15,1
low,2,5,21,183.25,6.91,20,1
low,2,5,22,179.67,9.12,36,1
low,2,5,23,173.47,8.56,45,1
low,2,5,24,173.23,7.26,48,1
low,2,5,25,168.93,7.84,23,1
low,2,5,26,167.79,7.25,28,1
low,2,5,27,162.63,7.14,16,1
low,2,5,28,158.25,6.73,15,1
low,2,5,29,152.48,11.15,8,0
low,2,6,21,186.30,10.31,7,0
low,2,6,22,183.24,3.67,11,0
low,2,6,23,181.15,10.80,22,1
low,2,6,24,176.22,7.89,38,1
low,2,6,25,171.98,7.97,42,1
low,2,6,26,168.57,6.45,28,1
low,2,6,27,166.71,8.65,29,1
low,2,6,28,161.95,7.29,28,1
low,2,6,29,164.05,7.82,18,1
low,2,6,30,152.68,5.82,10,0
low,2,7,23,188.19,14.99,8,0
low,2,7,24,179.58,8.18,15,1
low,2,7,25,174.05,7.47,20,1
low,2,7,26,173.50,8.93,34,1
low,2,7,27,171.58,6.67,38,1
low,2,7,28,170.06,7.46,29,1
low,2,7,29,163.90,8.55,19,1
low,2,7,30,160.94,6.41,26,1
low,2,7,31,157.41,6.15,11,0
low,2,7,32,152.43,6.66,11,0
low,2,7,33,147.62,5.92,7,0
low,2,8,24,174.68,13.18,7,0
low,2,8,25,181.20,7.41,13,0
low,2,8,26,174.36,9.82,14,0
low,2,8,27,174.97,7.00,25,1
low,2,8,28,171.23,6.36,39,1
low,2,8,29,168.27,6.62,27,1
low,2,8,30,164.08,6.04,38,1
low,2,8,31,161.39,4.81,29,1
low,2,8,32,161.28,7.60,29,1
low,2,8,33,154.45,6.13,29,1
low,2,9,27,179.76,7.42,13,0
low,2,9,28,174.15,9.32,22,1
low,2,9,29,171.97,9.62,15,1
low,2,9,30,166.77,7.32,31,1
low,2,9,31,164.91,6.53,34,1
low,2,9,32,160.71,8.09,28,1
low,2,9,33,161.52,11.68,49,1
low,2,9,34,152.28,7.65,32,1
low,2,9,35,143.68,9.30,9,0
low,2,10,29,165.44,8.38,6,0
low,2,10,30,170.70,5.43,19,1
low,2,10,31,170.10,6.56,26,1
low,2,10,32,164.45,6.82,32,1
low,2,10,33,160.85,6.45,60,1
low,2,10,34,156.77,8.88,38,1
low,2,10,35,149.41,8.40,21,1
low,2,10,36,142.09,10.94,10,0
low,2,11,29,175.21,7.81,8,0
low,2,11,30,176.77,6.10,8,0
low,2,11,31,172.82,5.92,13,0
low,2,11,32,169.29,6.94,23,1
low,2,11,33,164.64,8.36,54,1
low,2,11,34,158.15,8.28,62,1
low,2,11,35,153.96,5.53,41,1
low,2,11,36,148.26,11.51,16,1
low,2,11,37,140.42,7.85,8,0
low,2,12,32,167.91,8.15,10,0
low,2,12,33,166.77,8.94,26,1
low,2,12,34,160.64,7.27,53,1
low,2,12,35,157.57,8.29,50,1
low,2,12,36,150.50,8.27,44,1
low,2,12,37,149.99,6.50,19,1
low,2,12,38,140.57,7.05,7,0
low,2,13,33,172.36,9.83,15,1
low,2,13,34,163.83,9.13,32,1
low,2,13,35,158.39,7.97,72,1
low,2,13,36,155.91,6.52,61,1
low,2,13,37,151.01,7.62,35,1
low,2,13,38,146.92,11.87,17,1
low,2,13,39,142.47,7.21,9,0
low,2,14,34,167.00,8.88,10,0
low,2,14,35,162.52,7.72,36,1
low,2,14,36,158.42,6.21,53,1
low,2,14,37,152.62,8.05,41,1
low,2,14,38,147.79,7.68,27,1
low,2,14,39,143.18,6.70,20,1
low,2,14,40,138.88,5.97,7,0
low,2,15,35,162.19,9.62,27,1
low,2,15,36,159.71,6.01,25,1
low,2,15,37,155.00,8.74,58,1
low,2,15,38,150.65,6.11,38,1
low,2,15,39,146.39,9.07,30,1
low,2,15,40,141.60,9.03,8,0
low,2,15,41,134.07,7.36,5,0
low,2,16,35,163.27,9.70,6,0
low,2,16,36,163.07,8.82,21,1
low,2,16,37,157.67,7.94,42,1
low,2,16,38,151.97,6.18,52,1
low,2,16,39,146.88,6.55,28,1
low,2,16,40,145.58,6.05,25,1
low,2,16,41,140.53,8.60,14,0
low,2,17,36,161.34,7.46,8,0
low,2,17,37,159.47,8.06,17,1
low,2,17,38,153.02,6.14,37,1
low,2,17,39,149.80,6.99,48,1
low,2,17,40,147.77,7.98,34,1
low,2,17,41,144.17,5.71,21,1
low,2,17,42,137.84,6.37,12,0
low,2,18,37,167.78,7.45,6,0
low,2,18,38,155.84,5.64,25,1
low,2,18,39,155.49,7.90,39,1
low,2,18,40,147.69,7.18,55,1
low,2,18,41,146.42,6.44,52,1
low,2,18,42,144.31,6.74,22,1
low,2,18,43,138.46,10.70,17,1
low,2,19,38,152.90,5.58,8,0
low,2,19,39,154.01,4.91,20,1
low,2,19,40,153.48,7.79,53,1
low,2,19,41,147.24,6.29,56,1
low,2,19,42,143.46,6.22,44,1
low,2,19,43,137.67,8.41,19,1
low,2,19,44,138.09,6.41,11,0
low,2,19,45,139.65,9.57,8,0
low,2,20,39,153.43,10.87,9,0
low,2,20,40,153.51,7.62,24,1
low,2,20,41,151.08,6.61,49,1
low,2,20,42,146.91,6.11,48,1
low,2,20,43,140.57,6.44,38,1
low,2,20,44,140.61,4.78,19,1
low,2,20,45,134.92,7.76,14,0
low,2,21,40,157.49,8.20,9,0
low,2,21,41,148.59,6.92,20,1
low,2,21,42,149.36,8.54,33,1
low,2,21,43,143.56,6.48,42,1
low,2,21,44,138.81,5.86,30,1
low,2,21,45,138.03,7.78,20,1
low,2,21,46,134.85,2.45,8,0
low,2,21,47,132.67,12.53,5,0
low,2,22,40,161.13,7.24,7,0
low,2,22,41,154.59,8.84,14,0
low,2,22,42,150.32,7.89,20,1
low,2,22,43,144.14,7.75,36,1
low,2,22,44,140.65,7.39,39,1
low,2,22,45,139.78,5.24,33,1
low,2,22,46,131.77,9.14,21,1
low,2,22,47,134.38,4.92,15,1
low,2,22,48,134.74,5.72,9,0
low,2,23,41,145.67,6.85,5,0
low,2,23,42,153.39,5.82,6,0
low,2,23,43,148.41,5.69,22,1
low,2,23,44,143.76,6.11,33,1
low,2,23,45,141.54,6.67,31,1
low,2,23,46,138.66,6.10,27,1
low,2,23,47,133.86,5.95,13,0
low,2,23,48,130.35,6.20,8,0
low,2,23,49,124.97,11.33,7,0
low,2,24,42,151.63,7.05,5,0
low,2,24,43,146.99,6.76,17,1
low,2,24,44,148.05,7.06,24,1
low,2,24,45,140.42,5.11,30,1
low,2,24,46,140.04,6.68,31,1
low,2,24,47,136.06,4.81,27,1
low,2,24,48,134.71,2.53,10,0
low,2,24,49,131.54,5.44,11,0
low,2,24,50,127.97,3.32,6,0
low,2,25,43,153.66,6.17,9,0
low,2,25,44,149.86,7.03,24,1
low,2,25,45,145.82,6.30,44,1
low,2,25,46,142.06,7.12,50,1
low,2,25,47,139.30,6.02,60,1
low,2,25,48,134.16,6.91,61,1
low,2,25,49,132.37,6.58,31,1
low,2,25,50,127.68,6.89,22,1
low,2,25,52,128.61,8.04,6,0
low,2,26,45,141.21,5.13,7,0
low,2,26,46,144.67,9.39,28,1
low,2,26,47,142.44,7.51,62,1
low,2,26,48,138.36,5.77,57,1
low,2,26,49,135.79,7.61,64,1
low,2,26,50,134.32,5.43,49,1
low,2,26,51,130.44,6.78,29,1
low,2,26,52,126.29,8.43,15,1
low,2,26,53,125.34,4.76,12,0
low,2,27,47,143.27,9.19,6,0
low,2,27,48,143.22,5.28,36,1
low,2,27,49,139.54,6.63,38,1
low,2,27,50,136.29,7.61,59,1
low,2,27,51,134.37,6.10,62,1
low,2,27,52,131.12,5.74,52,1
low,2,27,53,128.29,6.72,29,1
low,2,27,54,127.02,6.79,12,0
low,2,27,55,121.21,4.13,9,0
low,2,27,57,118.00,6.75,5,0
low,2,28,48,145.58,14.18,8,0
low,2,28,49,140.92,8.28,9,0
low,2,28,50,137.75,6.57,34,1
low,2,28,51,135.05,6.09,34,1
low,2,28,52,133.46,5.99,56,1
low,2,28,53,130.53,5.83,43,1
low,2,28,54,128.45,7.35,36,1
low,2,28,55,125.01,4.54,26,1
low,2,28,56,128.86,5.16,10,0
low,2,28,57,121.57,2.98,16,1
low,2,29,50,135.82,4.42,6,0
low,2,29,51,136.83,5.95,17,1
low,2,29,52,134.12,5.09,31,1
low,2,29,53,133.11,6.57,43,1
low,2,29,54,131.83,6.73,54,1
low,2,29,55,127.82,6.27,50,1
low,2,29,56,127.05,5.51,36,1
low,2,29,57,121.32,5.39,46,1
low,2,29,58,120.17,6.43,15,1
low,2,30,52,136.50,5.91,7,0
low,2,30,53,134.76,5.50,18,1
low,2,30,54,132.26,6.24,38,1
low,2,30,55,130.46,5.12,46,1
low,2,30,56,128.50,5.57,50,1
low,2,30,57,124.68,6.02,75,1
low,2,30,58,118.80,5.42,22,1
low,2,30,59,115.34,6.88,14,0
low,2,31,54,134.03,3.83,13,0
low,2,31,55,131.09,5.04,21,1
low,2,31,56,131.03,7.36,42,1
low,2,31,57,127.39,5.64,81,1
low,2,31,58,124.24,6.34,75,1
low,2,31,59,118.86,7.19,53,1
low,2,32,56,130.61,5.72,13,0
low,2,32,57,128.19,6.88,70,1
low,2,32,58,124.93,5.86,78,1
low,2,32,59,119.46,5.89,98,1
low,2,33,56,130.37,7.46,5,0
low,2,33,57,127.56,6.63,29,1
low,2,33,58,126.27,6.38,72,1
low,2,33,59,121.41,6.17,246,1
low,2,34,58,125.80,5.39,7,0
low,2,34,59,122.95,5.34,153,1
low,2,35,59,118.70,7.76,17,1
low,3,1,10,204.75,14.74,6,0
low,3,1,11,208.49,14.59,12,0
low,3,1,12,203.95,9.45,27,1
low,3,1,13,197.42,8.79,54,1
low,3,1,14,193.55,9.56,70,1
low,3,1,15,188.80,10.02,69,1
low,3,1,16,185.09,6.53,58,1
low,3,1,17,180.05,8.51,38,1
low,3,1,18,176.16,7.69,35,1
low,3,1,19,175.79,7.94,18,1
low,3,1,20,171.82,9.29,9,0
low,3,1,21,160.16,8.30,5,0
low,3,2,13,207.33,6.97,9,0
low,3,2,14,202.42,10.24,14,0
low,3,2,15,197.66,8.11,37,1
low,3,2,16,192.02,9.83,43,1
low,3,2,17,186.84,9.60,43,1
low,3,2,18,181.37,7.98,52,1
low,3,2,19,176.86,9.64,35,1
low,3,2,20,174.71,9.22,23,1
low,3,2,21,172.44,8.28,15,1
low,3,2,22,172.72,9.73,13,0
low,3,3,14,205.67,4.27,5,0
low,3,3,15,203.55,11.81,9,0
low,3,3,16,194.11,9.04,32,1
low,3,3,17,192.32,8.82,27,1
low,3,3,18,187.89,7.55,44,1
low,3,3,19,182.38,7.70,52,1
low,3,3,20,180.91,8.05,43,1
low,3,3,21,174.70,6.75,26,1
low,3,3,22,173.44,8.78,22,1
low,3,3,23,170.47,8.28,11,0
low,3,3,24,164.24,6.42,6,0
low,3,4,16,201.02,8.35,8,0
low,3,4,17,202.15,7.82,10,0
low,3,4,18,189.56,9.32,14,0
low,3,4,19,188.37,8.24,30,1
low,3,4,20,183.32,8.62,43,1
low,3,4,21,178.92,8.30,40,1
low,3,4,22,176.56,8.57,40,1
low,3,4,23,171.46,8.00,29,1
low,3,4,24,168.72,4.59,16,1
low,3,4,25,164.60,6.30,8,0
low,3,4,26,164.32,8.24,13,0
low,3,5,19,183.13,8.89,6,0
low,3,5,20,189.14,7.81,20,1
low,3,5,21,186.98,9.17,34,1
low,3,5,22,180.40,7.42,38,1
low,3,5,23,178.83,9.04,48,1
low,3,5,24,173.18,7.41,37,1
low,3,5,25,171.25,6.23,37,1
low,3,5,26,165.03,8.64,29,1
low,3,5,27,158.97,4.48,11,0
low,3,5,28,158.47,6.23,7,0
low,3,6,20,194.75,3.92,6,0
low,3,6,21,188.51,11.94,18,1
low,3,6,22,180.85,9.41,23,1
low,3,6,23,181.24,7.00,55,1
low,3,6,24,176.54,6.16,46,1
low,3,6,25,174.95,8.48,50,1
low,3,6,26,171.07,8.20,35,1
low,3,6,27,169.02,6.05,23,1
low,3,6,28,165.80,9.09,18,1
low,3,6,29,167.40,11.79,5,0
low,3,6,30,156.33,3.82,5,0
low,3,7,21,184.68,7.55,8,0
low,3,7,22,193.93,9.87,9,0
low,3,7,23,181.81,5.50,11,0
low,3,7,24,184.39,7.50,30,1
low,3,7,25,177.95,7.59,44,1
low,3,7,26,173.84,8.53,40,1
low,3,7,27,170.40,8.13,32,1
low,3,7,28,169.47,7.81,30,1
low,3,7,29,165.96,6.92,27,1
low,3,7,30,160.21,4.70,19,1
low,3,7,31,160.68,6.35,11,0
low,3,7,32,152.98,3.16,6,0
low,3,8,24,186.61,6.92,20,1
low,3,8,25,175.67,6.40,10,0
low,3,8,26,179.22,8.63,25,1
low,3,8,27,173.95,9.29,37,1
low,3,8,28,171.94,6.53,33,1
low,3,8,29,169.04,6.08,33,1
low,3,8,30,163.86,7.05,21,1
low,3,8,31,162.75,7.37,19,1
low,3,8,32,163.81,4.82,11,0
low,3,8,33,157.96,6.62,11,0
low,3,8,34,144.63,8.00,7,0
low,3,9,25,173.58,12.15,5,0
low,3,9,26,183.39,4.95,10,0
low,3,9,27,179.28,5.18,22,1
low,3,9,28,177.27,7.73,26,1
low,3,9,29,171.16,8.81,38,1
low,3,9,30,167.85,7.41,41,1
low,3,9,31,168.27,6.40,33,1
low,3,9,32,161.57,4.86,17,1
low,3,9,33,158.89,7.02,27,1
low,3,9,34,153.85,9.53,12,0
low,3,10,28,177.25,6.16,13,0
low,3,10,29,176.31,8.14,22,1
low,3,10,30,174.16,9.61,34,1
low,3,10,31,167.68,6.61,27,1
low,3,10,32,165.53,6.34,22,1
low,3,10,33,161.49,8.37,44,1
low,3,10,34,156.36,7.31,30,1
low,3,10,35,152.55,9.86,13,0
low,3,11,29,181.18,10.26,8,0
low,3,11,30,174.82,8.89,25,1
low,3,11,31,177.17,10.72,25,1
low,3,11,32,169.47,8.56,30,1
low,3,11,33,165.94,7.12,61,1
low,3,11,34,158.65,6.48,54,1
low,3,11,35,153.15,7.04,26,1
low,3,11,36,150.04,12.80,5,0
low,3,12,30,163.37,10.49,6,0
low,3,12,31,171.71,6.78,8,0
low,3,12,32,172.90,7.24,22,1
low,3,12,33,169.13,8.17,65,1
low,3,12,34,162.15,8.66,62,1
low,3,12,35,155.48,8.15,35,1
low,3,12,36,152.65,3.92,14,0
low,3,12,37,147.48,8.64,12,0
low,3,13,33,172.99,8.01,37,1
low,3,13,34,165.46,7.58,50,1
low,3,13,35,161.25,7.39,48,1
low,3,13,36,156.87,5.83,31,1
low,3,13,37,154.35,9.47,28,1
low,3,13,38,144.74,6.75,7,0
low,3,14,33,175.86,10.81,8,0
low,3,14,34,166.20,8.72,37,1
low,3,14,35,163.02,8.37,55,1
low,3,14,36,157.46,7.44,60,1
low,3,14,37,153.87,6.91,39,1
low,3,14,38,147.99,8.57,13,0
low,3,14,39,144.70,7.51,7,0
low,3,15,34,171.48,5.01,6,0
low,3,15,35,167.67,7.88,37,1
low,3,15,36,159.10,8.18,56,1
low,3,15,37,155.97,6.25,57,1
low,3,15,38,151.26,6.37,39,1
low,3,15,39,153.36,10.33,12,0
low,3,15,40,142.80,3.34,9,0
low,3,16,35,167.32,9.90,11,0
low,3,16,36,163.46,7.27,38,1
low,3,16,37,159.98,6.36,48,1
low,3,16,38,154.91,7.67,50,1
low,3,16,39,148.95,7.14,36,1
low,3,16,40,145.42,8.24,22,1
low,3,16,41,141.48,6.65,7,0
low,3,17,36,166.25,4.65,14,0
low,3,17,37,160.56,6.96,30,1
low,3,17,38,156.38,7.04,43,1
low,3,17,39,153.13,6.39,37,1
low,3,17,40,148.72,7.80,27,1
low,3,17,41,139.84,10.24,15,1
low,3,17,42,142.90,5.28,10,0
low,3,18,36,172.14,4.86,6,0
low,3,18,37,163.82,5.64,12,0
low,3,18,38,158.64,6.31,32,1
low,3,18,39,153.94,7.79,47,1
low,3,18,40,151.34,6.50,42,1
low,3,18,41,145.96,7.17,32,1
low,3,18,42,141.66,7.01,20,1
low,3,18,43,137.63,6.33,7,0
low,3,19,37,160.66,9.56,5,0
low,3,19,38,162.37,8.63,14,0
low,3,19,39,154.80,8.99,35,1
low,3,19,40,152.25,6.79,56,1
low,3,19,41,148.76,5.88,36,1
low,3,19,42,145.82,7.92,27,1
low,3,19,43,141.29,6.07,24,1
low,3,19,44,134.62,7.15,6,0
low,3,20,38,161.16,9.40,9,0
low,3,20,39,155.43,5.24,19,1
low,3,20,40,155.06,5.29,39,1
low,3,20,41,149.20,5.94,55,1
low,3,20,42,146.31,8.86,41,1
low,3,20,43,141.93,5.47,27,1
low,3,20,44,136.85,3.88,10,0
low,3,20,45,137.25,13.09,6,0
low,3,21,39,159.44,7.11,5,0
low,3,21,40,156.57,10.45,20,1
low,3,21,41,152.86,7.81,31,1
low,3,21,42,149.94,6.96,44,1
low,3,21,43,144.39,6.10,38,1
low,3,21,44,141.88,6.24,17,1
low,3,21,45,136.97,5.65,13,0
low,3,21,46,131.86,6.54,8,0
low,3,22,40,158.82,11.04,11,0
low,3,22,41,155.80,7.53,26,1
low,3,22,42,150.93,6.17,39,1
low,3,22,43,147.06,7.21,51,1
low,3,22,44,145.40,5.91,38,1
low,3,22,45,141.95,8.74,15,1
low,3,22,46,134.83,5.73,7,0
low,3,23,41,156.37,8.00,10,0
low,3,23,42,152.31,8.99,23,1
low,3,23,43,149.41,6.28,31,1
low,3,23,44,145.88,6.08,45,1
low,3,23,45,140.82,6.99,28,1
low,3,23,46,136.33,5.53,24,1
low,3,23,47,137.85,5.51,11,0
low,3,23,49,123.50,6.48,5,0
low,3,24,42,154.07,8.17,15,1
low,3,24,43,147.77,7.92,30,1
low,3,24,44,147.44,5.66,41,1
low,3,24,45,141.72,5.68,54,1
low,3,24,46,139.90,7.13,30,1
low,3,24,47,137.41,6.22,12,0
low,3,24,48,134.05,6.27,9,0
low,3,24,50,127.52,7.94,6,0
low,3,25,43,152.77,4.03,14,0
low,3,25,44,146.89,9.24,35,1
low,3,25,45,146.48,5.69,58,1
low,3,25,46,142.24,8.04,86,1
low,3,25,47,139.95,8.00,66,1
low,3,25,48,135.49,6.83,45,1
low,3,25,49,135.38,6.99,21,1
low,3,25,50,130.91,5.51,15,1
low,3,25,51,125.71,9.70,7,0
low,3,26,45,147.98,6.05,19,1
low,3,26,46,147.87,6.27,38,1
low,3,26,47,141.72,6.48,47,1
low,3,26,48,139.14,6.94,59,1
low,3,26,49,135.17,7.54,51,1
low,3,26,50,134.20,5.48,45,1
low,3,26,51,132.46,8.33,16,1
low,3,26,52,127.01,5.20,13,0
low,3,26,53,125.94,4.43,10,0
low,3,27,46,146.97,9.22,5,0
low,3,27,47,146.46,6.88,28,1
low,3,27,48,142.19,5.65,32,1
low,3,27,49,140.37,6.00,61,1
low,3,27,50,138.17,6.92,51,1
low,3,27,51,136.53,6.72,62,1
low,3,27,52,134.27,7.16,34,1
low,3,27,53,130.74,5.20,21,1
low,3,27,54,126.94,12.95,10,0
low,3,27,55,128.19,7.87,10,0
low,3,28,48,143.75,11.71,13,0
low,3,28,49,142.65,7.80,32,1
low,3,28,50,138.62,7.27,43,1
low,3,28,51,136.61,6.14,49,1
low,3,28,52,133.99,6.00,59,1
low,3,28,53,130.94,6.57,38,1
low,3,28,54,131.48,6.52,34,1
low,3,28,55,127.87,8.18,20,1
low,3,28,56,126.53,5.66,19,1
low,3,28,57,120.92,7.08,8,0
low,3,29,50,140.89,6.99,13,0
low,3,29,51,137.68,8.60,29,1
low,3,29,52,136.75,6.07,36,1
low,3,29,53,133.96,6.77,65,1
low,3,29,54,130.47,6.39,55,1
low,3,29,55,127.27,6.08,37,1
low,3,29,56,126.56,6.13,22,1
low,3,29,57,125.07,5.85,25,1
low,3,29,58,116.85,7.30,5,0
low,3,29,59,119.19,9.55,7,0
low,3,30,50,143.98,7.19,5,0
low,3,30,51,136.16,6.37,8,0
low,3,30,52,140.65,6.42,18,1
low,3,30,53,134.07,7.41,32,1
low,3,30,54,133.88,4.98,47,1
low,3,30,55,129.95,5.51,58,1
low,3,30,56,127.74,5.67,61,1
low,3,30,57,125.78,5.65,57,1
low,3,30,58,121.56,6.10,24,1
low,3,30,59,121.90,11.66,9,0
low,3,31,53,138.02,8.40,16,1
low,3,31,54,135.83,5.51,21,1
low,3,31,55,133.47,7.34,20,1
low,3,31,56,131.99,5.36,55,1
low,3,31,57,127.86,6.19,101,1
low,3,31,58,124.55,7.16,49,1
low,3,31,59,116.04,6.98,32,1
low,3,32,55,133.42,4.37,7,0
low,3,32,56,132.85,6.21,32,1
low,3,32,57,129.51,6.62,83,1
low,3,32,58,126.22,5.86,78,1
low,3,32,59,121.85,6.01,61,1
low,3,33,56,133.08,4.43,7,0
low,3,33,57,130.50,6.73,49,1
low,3,33,58,127.47,5.79,109,1
low,3,33,59,122.71,6.25,271,1
low,3,34,58,126.73,7.38,27,1
low,3,34,59,123.68,6.18,190,1
low,3,35,59,123.51,7.59,39,1
low,4,1,10,216.75,16.70,8,0
low,4,1,11,208.17,10.48,31,1
low,4,1,12,204.43,8.61,40,1
low,4,1,13,199.32,10.02,68,1
low,4,1,14,193.87,7.84,84,1
low,4,1,15,191.99,9.48,72,1
low,4,1,16,188.36,9.41,44,1
low,4,1,17,183.15,8.41,29,1
low,4,1,18,182.03,9.21,15,1
low,4,1,19,169.43,5.96,7,0
low,4,2,12,217.59,12.07,8,0
low,4,2,13,208.32,12.49,20,1
low,4,2,14,200.73,8.09,50,1
low,4,2,15,197.57,8.89,42,1
low,4,2,16,190.65,8.98,57,1
low,4,2,17,186.71,8.18,44,1
low,4,2,18,184.22,9.93,46,1
low,4,2,19,180.41,6.33,19,1
low,4,2,20,177.97,8.00,14,0
low,4,3,13,208.61,7.17,6,0
low,4,3,14,206.57,8.45,9,0
low,4,3,15,202.69,9.09,20,1
low,4,3,16,196.48,9.51,39,1
low,4,3,17,193.65,9.18,41,1
low,4,3,18,188.03,7.34,49,1
low,4,3,19,182.78,9.00,48,1
low,4,3,20,179.29,7.27,31,1
low,4,3,21,180.19,6.87,20,1
low,4,3,22,177.46,11.96,12,0
low,4,3,23,166.59,5.63,8,0
low,4,4,16,203.24,12.12,14,0
low,4,4,17,197.05,10.82,27,1
low,4,4,18,190.72,9.34,49,1
low,4,4,19,190.33,9.91,45,1
low,4,4,20,185.46,7.71,50,1
low,4,4,21,179.93,8.99,51,1
low,4,4,22,175.19,6.94,33,1
low,4,4,23,175.50,8.80,15,1
low,4,4,24,171.03,8.52,8,0
low,4,4,26,161.57,5.61,5,0
low,4,5,17,206.91,11.78,6,0
low,4,5,18,195.86,9.84,20,1
low,4,5,19,194.01,10.13,29,1
low,4,5,20,190.43,8.17,51,1
low,4,5,21,184.84,7.75,41,1
low,4,5,22,180.44,6.99,43,1
low,4,5,23,175.67,6.71,35,1
low,4,5,24,173.43,8.84,31,1
low,4,5,25,169.33,9.83,15,1
low,4,5,26,162.25,4.43,7,0
low,4,6,19,201.40,10.46,7,0
low,4,6,20,196.81,12.59,16,1
low,4,6,21,189.66,10.45,26,1
low,4,6,22,186.61,7.46,41,1
low,4,6,23,181.82,8.93,48,1
low,4,6,24,176.60,8.15,39,1
low,4,6,25,174.17,6.66,31,1
low,4,6,26,172.55,9.35,37,1
low,4,6,27,164.21,10.42,11,0
low,4,6,28,162.28,6.90,12,0
low,4,7,20,194.81,9.45,5,0
low,4,7,21,188.32,13.96,11,0
low,4,7,22,190.05,9.44,16,1
low,4,7,23,186.70,10.00,31,1
low,4,7,24,183.95,7.39,37,1
low,4,7,25,179.84,8.91,40,1
low,4,7,26,175.53,7.23,45,1
low,4,7,27,171.05,7.39,29,1
low,4,7,28,167.53,8.90,27,1
low,4,7,29,164.33,7.00,12,0
low,4,7,30,162.29,4.74,11,0
low,4,7,31,160.61,1.88,5,0
low,4,8,23,192.57,9.83,14,0
low,4,8,24,186.25,8.30,19,1
low,4,8,25,183.07,9.12,32,1
low,4,8,26,181.07,8.81,37,1
low,4,8,27,175.66,7.26,56,1
low,4,8,28,172.47,6.74,37,1
low,4,8,29,168.60,8.34,22,1
low,4,8,30,168.58,4.79,24,1
low,4,8,31,160.06,4.09,9,0
low,4,8,32,159.80,5.82,8,0
low,4,8,33,158.09,4.98,8,0
low,4,9,24,194.25,8.63,8,0
low,4,9,25,188.07,9.75,9,0
low,4,9,26,181.30,7.05,14,0
low,4,9,27,178.12,6.52,27,1
low,4,9,28,175.17,6.94,44,1
low,4,9,29,172.13,9.66,28,1
low,4,9,30,170.28,6.61,38,1
low,4,9,31,165.26,5.44,23,1
low,4,9,32,162.11,8.70,16,1
low,4,9,33,159.97,8.69,11,0
low,4,10,26,184.69,8.98,5,0
low,4,10,27,177.82,12.22,14,0
low,4,10,28,180.00,8.04,26,1
low,4,10,29,175.91,7.36,31,1
low,4,10,30,171.43,8.35,34,1
low,4,10,31,170.34,8.76,29,1
low,4,10,32,167.32,8.34,37,1
low,4,10,33,163.21,7.42,46,1
low,4,10,34,156.53,5.90,13,0
low,4,10,35,154.57,10.24,5,0
low,4,11,28,180.50,4.34,10,0
low,4,11,29,180.62,11.57,15,1
low,4,11,30,178.63,6.68,24,1
low,4,11,31,173.57,7.34,45,1
low,4,11,32,170.28,7.42,32,1
low,4,11,33,168.34,6.51,55,1
low,4,11,34,162.29,7.57,25,1
low,4,11,35,157.56,7.28,13,0
low,4,11,36,150.04,6.07,8,0
low,4,12,30,181.86,7.92,10,0
low,4,12,31,181.00,10.89,19,1
low,4,12,32,174.44,6.47,24,1
low,4,12,33,169.76,7.59,67,1
low,4,12,34,163.65,6.78,48,1
low,4,12,35,158.65,8.87,24,1
low,4,12,36,149.26,8.85,9,0
low,4,13,32,177.28,9.12,20,1
low,4,13,33,171.65,7.60,46,1
low,4,13,34,166.04,7.69,53,1
low,4,13,35,160.67,7.09,53,1
low,4,13,36,155.62,7.53,25,1
low,4,13,37,152.60,6.32,14,0
low,4,13,38,151.46,10.19,8,0
low,4,14,33,177.65,7.92,16,1
low,4,14,34,170.34,8.63,46,1
low,4,14,35,164.35,6.85,58,1
low,4,14,36,156.33,6.65,49,1
low,4,14,37,154.14,6.58,22,1
low,4,14,38,151.71,4.76,12,0
low,4,14,39,148.22,7.09,7,0
low,4,15,33,174.30,8.54,15,1
low,4,15,34,170.26,9.43,25,1
low,4,15,35,164.81,6.51,32,1
low,4,15,36,160.41,6.25,63,1
low,4,15,37,155.75,6.72,61,1
low,4,15,38,150.49,5.46,19,1
low,4,15,39,141.85,9.08,11,0
low,4,15,40,149.18,3.94,5,0
low,4,16,34,180.13,6.81,9,0
low,4,16,35,171.64,8.94,21,1
low,4,16,36,166.31,7.90,49,1
low,4,16,37,157.27,7.10,65,1
low,4,16,38,154.49,6.69,57,1
low,4,16,39,149.53,7.20,24,1
low,4,16,40,147.54,4.70,15,1
low,4,17,35,172.99,6.93,9,0
low,4,17,36,168.30,8.13,24,1
low,4,17,37,162.60,6.60,50,1
low,4,17,38,156.98,8.68,56,1
low,4,17,39,152.01,7.56,37,1
low,4,17,40,148.08,6.84,16,1
low,4,17,41,144.92,6.74,10,0
low,4,18,36,163.43,7.77,5,0
low,4,18,37,162.93,6.88,35,1
low,4,18,38,159.00,7.63,53,1
low,4,18,39,156.29,7.89,67,1
low,4,18,40,152.59,7.15,35,1
low,4,18,41,143.83,8.46,12,0
low,4,18,42,142.63,7.84,18,1
low,4,19,37,163.75,9.94,11,0
low,4,19,38,162.03,7.06,35,1
low,4,19,39,157.99,7.91,55,1
low,4,19,40,153.30,7.28,30,1
low,4,19,41,149.56,6.17,27,1
low,4,19,42,147.09,6.65,24,1
low,4,19,43,136.82,6.66,8,0
low,4,20,37,172.83,12.27,5,0
low,4,20,38,162.53,8.11,12,0
low,4,20,39,161.66,5.70,36,1
low,4,20,40,156.63,8.51,43,1
low,4,20,41,153.46,5.21,51,1
low,4,20,42,146.76,6.57,25,1
low,4,20,43,143.09,6.82,22,1
low,4,20,44,139.01,6.06,5,0
low,4,20,45,137.99,10.65,6,0
low,4,21,39,162.57,8.88,17,1
low,4,21,40,156.71,6.90,40,1
low,4,21,41,152.66,6.82,52,1
low,4,21,42,149.84,7.20,41,1
low,4,21,43,146.23,8.32,35,1
low,4,21,44,139.21,6.91,17,1
low,4,21,46,138.67,13.40,6,0
low,4,22,39,162.64,5.91,5,0
low,4,22,40,161.29,9.79,12,0
low,4,22,41,155.33,5.87,37,1
low,4,22,42,153.19,7.15,40,1
low,4,22,43,146.89,6.24,41,1
low,4,22,44,141.90,7.22,33,1
low,4,22,45,141.15,8.94,9,0
low,4,23,41,151.81,9.00,12,0
low,4,23,42,155.92,8.15,33,1
low,4,23,43,150.37,6.85,44,1
low,4,23,44,146.95,5.99,36,1
low,4,23,45,141.29,6.71,24,1
low,4,23,46,137.25,6.32,14,0
low,4,23,47,133.60,9.13,7,0
low,4,24,41,166.18,8.37,8,0
low,4,24,42,154.51,6.70,15,1
low,4,24,43,150.91,7.07,34,1
low,4,24,44,146.85,8.29,33,1
low,4,24,45,144.59,5.35,33,1
low,4,24,46,143.55,8.37,13,0
low,4,24,47,138.87,8.04,9,0
low,4,24,48,131.29,10.64,5,0
low,4,25,42,156.78,6.30,10,0
low,4,25,43,154.48,7.93,32,1
low,4,25,44,150.14,6.34,70,1
low,4,25,45,147.00,6.55,105,1
low,4,25,46,144.10,7.28,65,1
low,4,25,47,139.75,6.49,51,1
low,4,25,48,137.09,5.07,30,1
low,4,25,49,133.85,6.18,18,1
low,4,26,44,156.35,6.49,9,0
low,4,26,45,151.74,8.13,37,1
low,4,26,46,146.83,7.06,57,1
low,4,26,47,143.27,5.65,67,1
low,4,26,48,141.12,6.15,57,1
low,4,26,49,136.75,7.56,52,1
low,4,26,50,134.78,6.61,34,1
low,4,26,51,130.92,4.69,20,1
low,4,27,45,152.75,11.58,5,0
low,4,27,46,150.98,6.26,21,1
low,4,27,47,144.83,8.61,36,1
low,4,27,48,140.80,6.75,52,1
low,4,27,49,140.14,6.86,69,1
low,4,27,50,138.27,7.41,49,1
low,4,27,51,134.19,6.02,41,1
low,4,27,52,130.20,6.80,21,1
low,4,27,53,131.77,6.01,17,1
low,4,28,48,144.23,8.09,28,1
low,4,28,49,141.84,7.06,48,1
low,4,28,50,141.53,6.15,54,1
low,4,28,51,136.56,7.82,59,1
low,4,28,52,132.81,6.46,47,1
low,4,28,53,131.66,6.23,35,1
low,4,28,54,130.64,8.67,20,1
low,4,28,55,133.70,3.86,7,0
low,4,28,57,121.83,12.12,7,0
low,4,29,49,144.85,4.68,7,0
low,4,29,50,142.42,5.96,21,1
low,4,29,51,138.78,6.12,37,1
low,4,29,52,137.61,6.23,49,1
low,4,29,53,135.34,5.95,53,1
low,4,29,54,132.44,7.15,44,1
low,4,29,55,127.87,5.99,20,1
low,4,29,56,127.71,5.03,20,1
low,4,29,57,127.02,5.03,12,0
low,4,30,51,138.85,11.76,15,1
low,4,30,52,136.84,5.27,30,1
low,4,30,53,136.11,8.64,46,1
low,4,30,54,133.55,5.96,49,1
low,4,30,55,131.55,6.91,47,1
low,4,30,56,128.87,5.82,38,1
low,4,30,57,127.84,6.86,68,1
low,4,30,58,123.44,7.78,21,1
low,4,30,59,120.60,10.16,6,0
low,4,31,52,139.95,12.40,9,0
low,4,31,53,138.58,8.87,15,1
low,4,31,54,136.49,7.00,34,1
low,4,31,55,133.37,6.79,43,1
low,4,31,56,132.25,5.14,50,1
low,4,31,57,128.67,5.87,95,1
low,4,31,58,123.71,6.47,41,1
low,4,31,59,121.99,6.35,17,1
low,4,32,55,133.60,8.84,13,0
low,4,32,56,134.37,5.00,31,1
low,4,32,57,130.26,5.58,88,1
low,4,32,58,125.70,5.21,65,1
low,4,32,59,121.94,6.20,41,1
low,4,33,56,130.49,10.82,11,0
low,4,33,57,131.84,6.06,77,1
low,4,33,58,128.40,5.60,155,1
low,4,33,59,123.55,5.70,239,1
low,4,34,58,129.85,5.82,29,1
low,4,34,59,124.26,5.67,237,1
low,4,35,59,123.36,6.41,66,1
low,5,1,8,220.60,18.36,7,0
low,5,1,9,218.04,13.34,13,0
low,5,1,10,216.00,10.53,31,1
low,5,1,11,209.42,13.60,53,1
low,5,1,12,204.33,10.44,64,1
low,5,1,13,202.40,8.86,68,1
low,5,1,14,196.99,10.33,61,1
low,5,1,15,190.41,8.87,37,1
low,5,1,16,186.13,9.06,27,1
low,5,1,17,179.76,9.06,15,1
low,5,1,18,170.30,8.96,8,0
low,5,2,11,219.18,9.19,6,0
low,5,2,12,215.30,9.20,22,1
low,5,2,13,206.18,10.17,35,1
low,5,2,14,201.56,9.89,43,1
low,5,2,15,196.79,7.84,57,1
low,5,2,16,194.43,8.71,57,1
low,5,2,17,187.51,10.19,40,1
low,5,2,18,185.32,8.84,15,1
low,5,2,19,180.43,10.98,10,0
low,5,2,20,179.37,13.11,7,0
low,5,3,13,213.86,9.15,11,0
low,5,3,14,211.82,6.41,20,1
low,5,3,15,203.58,9.72,44,1
low,5,3,16,199.41,9.33,55,1
low,5,3,17,191.99,9.05,48,1
low,5,3,18,188.75,7.27,37,1
low,5,3,19,184.22,8.48,24,1
low,5,3,20,181.14,7.81,29,1
low,5,3,21,176.62,6.29,9,0
low,5,3,22,175.37,7.81,10,0
low,5,4,15,202.63,9.70,8,0
low,5,4,16,201.40,10.26,22,1
low,5,4,17,199.37,7.34,38,1
low,5,4,18,192.70,8.50,52,1
low,5,4,19,188.20,8.97,52,1
low,5,4,20,183.89,8.03,39,1
low,5,4,21,179.93,9.51,28,1
low,5,4,22,178.81,10.71,15,1
low,5,4,23,168.09,10.09,9,0
low,5,4,24,169.54,8.33,7,0
low,5,5,17,204.38,10.24,17,1
low,5,5,18,199.40,10.41,36,1
low,5,5,19,195.38,10.60,56,1
low,5,5,20,189.57,7.53,45,1
low,5,5,21,187.37,7.95,37,1
low,5,5,22,180.03,8.72,37,1
low,5,5,23,176.43,8.51,21,1
low,5,5,24,178.09,13.40,11,0
low,5,5,25,171.16,9.33,6,0
low,5,6,18,198.31,14.66,12,0
low,5,6,19,197.96,9.08,19,1
low,5,6,20,194.68,7.75,30,1
low,5,6,21,190.41,9.36,45,1
low,5,6,22,184.33,8.81,49,1
low,5,6,23,182.61,8.74,48,1
low,5,6,24,177.24,8.88,37,1
low,5,6,25,175.19,7.78,18,1
low,5,6,26,170.92,5.79,13,0
low,5,6,27,167.06,9.14,8,0
low,5,7,19,197.73,8.20,5,0
low,5,7,20,203.12,9.10,12,0
low,5,7,21,196.19,7.07,23,1
low,5,7,22,191.22,10.81,42,1
low,5,7,23,185.01,7.61,43,1
low,5,7,24,183.83,7.90,43,1
low,5,7,25,178.56,8.05,40,1
low,5,7,26,175.66,7.71,34,1
low,5,7,27,172.50,6.50,20,1
low,5,7,28,168.05,6.07,14,0
low,5,8,21,212.68,42.22,9,0
low,5,8,22,189.67,10.39,14,0
low,5,8,23,191.24,7.60,25,1
low,5,8,24,187.80,9.46,41,1
low,5,8,25,186.53,8.09,44,1
low,5,8,26,178.78,7.30,39,1
low,5,8,27,177.28,6.51,36,1
low,5,8,28,174.65,7.12,28,1
low,5,8,29,166.92,6.07,19,1
low,5,8,30,165.52,6.79,21,1
low,5,9,23,186.65,13.09,7,0
low,5,9,24,192.77,10.36,19,1
low,5,9,25,188.76,6.92,23,1
low,5,9,26,184.63,7.61,24,1
low,5,9,27,182.04,8.06,40,1
low,5,9,28,177.82,9.49,36,1
low,5,9,29,172.94,7.92,33,1
low,5,9,30,168.44,5.78,24,1
low,5,9,31,167.12,8.88,20,1
low,5,9,32,161.90,5.14,7,0
low,5,9,33,157.80,7.68,10,0
low,5,10,25,191.36,10.29,6,0
low,5,10,26,186.65,7.93,24,1
low,5,10,27,183.99,8.45,28,1
low,5,10,28,179.54,7.77,34,1
low,5,10,29,176.57,6.55,51,1
low,5,10,30,174.06,7.47,29,1
low,5,10,31,171.17,6.65,32,1
low,5,10,32,165.06,7.52,23,1
low,5,10,33,162.45,7.11,18,1
low,5,10,34,156.42,8.54,7,0
low,5,11,27,184.07,10.88,5,0
low,5,11,28,184.75,8.57,20,1
low,5,11,29,181.99,8.75,33,1
low,5,11,30,175.35,9.37,35,1
low,5,11,31,174.18,6.16,45,1
low,5,11,32,170.81,8.40,39,1
low,5,11,33,165.46,7.18,64,1
low,5,11,34,157.73,6.53,35,1
low,5,11,35,153.91,4.70,5,0
low,5,12,29,180.63,12.75,7,0
low,5,12,30,182.83,6.15,13,0
low,5,12,31,177.97,7.50,32,1
low,5,12,32,173.83,8.70,40,1
low,5,12,33,169.09,7.07,74,1
low,5,12,34,163.48,6.36,46,1
low,5,12,35,160.66,8.24,17,1
low,5,12,36,150.03,4.45,10,0
low,5,13,31,173.89,13.61,7,0
low,5,13,32,177.40,8.31,21,1
low,5,13,33,172.68,6.81,58,1
low,5,13,34,167.54,7.02,59,1
low,5,13,35,162.20,6.79,43,1
low,5,13,36,155.41,7.78,19,1
low,5,14,32,176.30,9.71,9,0
low,5,14,33,175.32,7.07,36,1
low,5,14,34,167.25,10.09,62,1
low,5,14,35,164.25,7.57,51,1
low,5,14,36,159.23,5.61,38,1
low,5,14,37,155.05,8.60,21,1
low,5,15,33,178.68,7.84,12,0
low,5,15,34,171.45,7.46,46,1
low,5,15,35,170.92,7.93,58,1
low,5,15,36,161.53,8.27,54,1
low,5,15,37,158.42,6.19,35,1
low,5,15,38,151.07,9.95,15,1
low,5,15,39,147.54,5.14,5,0
low,5,16,33,183.70,9.30,9,0
low,5,16,34,178.53,8.21,19,1
low,5,16,35,172.07,7.15,46,1
low,5,16,36,166.07,7.02,68,1
low,5,16,37,161.75,6.33,61,1
low,5,16,38,155.35,6.89,38,1
low,5,16,39,151.94,6.01,11,0
low,5,16,40,148.11,4.01,6,0
low,5,17,35,180.29,9.99,10,0
low,5,17,36,167.89,8.99,42,1
low,5,17,37,162.24,6.48,52,1
low,5,17,38,157.86,8.34,64,1
low,5,17,39,153.23,7.39,28,1
low,5,17,40,149.64,8.98,19,1
low,5,17,41,145.14,4.92,8,0
low,5,18,35,169.72,15.78,9,0
low,5,18,36,169.21,7.63,11,0
low,5,18,37,166.64,7.50,48,1
low,5,18,38,160.34,7.64,52,1
low,5,18,39,155.25,8.22,52,1
low,5,18,40,151.45,5.97,32,1
low,5,18,41,147.49,6.26,11,0
low,5,18,42,145.56,10.94,8,0
low,5,19,36,176.60,9.27,9,0
low,5,19,37,166.66,8.93,12,0
low,5,19,38,162.89,8.18,47,1
low,5,19,39,157.97,7.17,62,1
low,5,19,40,152.57,7.55,50,1
low,5,19,41,150.01,8.45,18,1
low,5,19,42,142.28,7.70,9,0
low,5,20,37,167.39,10.67,10,0
low,5,20,38,168.25,6.66,24,1
low,5,20,39,160.78,7.41,47,1
low,5,20,40,156.57,7.33,60,1
low,5,20,41,154.65,6.32,36,1
low,5,20,42,147.51,8.22,19,1
low,5,20,43,140.79,6.49,11,0
low,5,20,44,137.46,12.94,5,0
low,5,21,38,168.26,8.69,5,0
low,5,21,39,160.86,5.23,25,1
low,5,21,40,158.11,6.83,48,1
low,5,21,41,154.91,6.64,44,1
low,5,21,42,150.21,7.35,27,1
low,5,21,43,145.58,6.58,26,1
low,5,21,44,140.27,5.99,22,1
low,5,21,45,138.81,6.62,5,0
low,5,22,40,160.02,9.68,33,1
low,5,22,41,156.79,8.04,54,1
low,5,22,42,151.79,7.06,44,1
low,5,22,43,147.24,7.19,33,1
low,5,22,44,148.76,10.96,15,1
low,5,23,40,166.10,9.21,10,0
low,5,23,41,156.12,5.17,31,1
low,5,23,42,154.93,7.53,46,1
low,5,23,43,150.71,6.87,42,1
low,5,23,44,146.62,6.56,25,1
low,5,23,45,144.68,5.82,17,1
low,5,23,46,140.60,9.15,10,0
low,5,23,47,137.06,12.89,5,0
low,5,24,41,156.94,6.14,7,0
low,5,24,42,154.30,7.95,32,1
low,5,24,43,152.33,7.39,50,1
low,5,24,44,149.32,6.25,53,1
low,5,24,45,144.80,5.80,30,1
low,5,24,46,137.48,5.09,16,1
low,5,24,47,140.48,5.70,6,0
low,5,25,41,167.27,8.32,5,0
low,5,25,42,153.97,8.57,24,1
low,5,25,43,154.99,6.84,57,1
low,5,25,44,151.24,7.03,85,1
low,5,25,45,148.16,7.62,68,1
low,5,25,46,144.31,5.98,65,1
low,5,25,47,141.09,6.22,44,1
low,5,25,48,140.02,6.78,24,1
low,5,25,49,138.67,6.29,10,0
low,5,26,44,153.93,8.71,24,1
low,5,26,45,150.85,6.32,48,1
low,5,26,46,147.57,7.24,82,1
low,5,26,47,144.98,7.82,92,1
low,5,26,48,141.93,6.44,63,1
low,5,26,49,137.78,7.65,46,1
low,5,26,50,131.38,5.66,20,1
low,5,26,52,130.34,5.57,6,0
low,5,27,46,148.61,6.49,26,1
low,5,27,47,148.18,7.43,56,1
low,5,27,48,144.47,6.79,78,1
low,5,27,49,140.14,6.50,61,1
low,5,27,50,138.81,7.40,45,1
low,5,27,51,135.40,5.78,29,1
low,5,27,52,130.89,6.91,18,1
low,5,27,53,128.43,5.90,9,0
low,5,28,46,155.00,7.64,5,0
low,5,28,47,151.58,7.53,15,1
low,5,28,48,146.88,8.97,28,1
low,5,28,49,143.21,7.08,47,1
low,5,28,50,140.82,5.90,63,1
low,5,28,51,137.13,7.41,50,1
low,5,28,52,135.48,6.65,43,1
low,5,28,53,130.93,4.43,29,1
low,5,28,54,130.26,4.07,8,0
low,5,28,55,124.95,5.73,5,0
low,5,29,48,147.98,7.12,7,0
low,5,29,49,148.50,5.91,17,1
low,5,29,50,144.11,8.51,36,1
low,5,29,51,141.93,6.36,51,1
low,5,29,52,136.72,6.16,53,1
low,5,29,53,133.99,5.62,42,1
low,5,29,54,132.26,6.59,32,1
low,5,29,55,130.02,6.05,23,1
low,5,29,56,127.50,3.89,9,0
low,5,29,57,127.79,7.50,9,0
low,5,30,50,145.07,5.68,7,0
low,5,30,51,141.42,7.65,18,1
low,5,30,52,140.70,7.05,35,1
low,5,30,53,136.64,5.77,46,1
low,5,30,54,133.76,6.60,58,1
low,5,30,55,132.72,6.39,55,1
low,5,30,56,131.23,6.37,33,1
low,5,30,57,128.79,6.82,27,1
low,5,30,58,121.99,7.45,7,0
low,5,31,51,144.67,8.57,6,0
low,5,31,52,138.69,6.65,14,0
low,5,31,53,137.62,5.85,20,1
low,5,31,54,134.73,6.41,40,1
low,5,31,55,133.28,7.53,53,1
low,5,31,56,132.50,6.96,66,1
low,5,31,57,129.19,6.19,80,1
low,5,31,58,124.57,6.63,24,1
low,5,31,59,123.21,10.69,10,0
low,5,32,54,136.30,6.81,11,0
low,5,32,55,137.34,6.57,35,1
low,5,32,56,135.14,6.58,44,1
low,5,32,57,130.92,6.53,94,1
low,5,32,58,126.62,5.88,59,1
low,5,32,59,122.30,6.01,18,1
low,5,33,55,131.79,6.36,8,0
low,5,33,56,135.49,8.37,19,1
low,5,33,57,134.01,6.94,98,1
low,5,33,58,128.03,5.90,157,1
low,5,33,59,124.12,6.71,212,1
low,5,34,57,147.16,37.56,7,0
low,5,34,58,130.09,8.36,42,1
low,5,34,59,125.27,6.46,247,1
low,5,35,59,125.63,6.70,82,1
low,6,1,7,240.19,8.93,5,0
low,6,1,8,237.78,8.48,11,0
low,6,1,9,222.32,14.31,35,1
low,6,1,10,216.43,9.71,48,1
low,6,1,11,212.10,9.07,70,1
low,6,1,12,207.31,8.22,75,1
low,6,1,13,200.46,8.21,67,1
low,6,1,14,197.02,8.37,40,1
low,6,1,15,189.00,9.55,18,1
low,6,1,16,186.71,11.35,9,0
low,6,2,10,224.01,5.26,8,0
low,6,2,11,217.45,10.20,23,1
low,6,2,12,212.69,11.82,46,1
low,6,2,13,206.69,9.64,59,1
low,6,2,14,202.48,7.12,61,1
low,6,2,15,196.76,9.32,52,1
low,6,2,16,192.43,6.92,39,1
low,6,2,17,187.99,10.65,18,1
low,6,2,18,185.71,11.13,14,0
low,6,3,11,226.98,8.38,5,0
low,6,3,12,227.11,8.45,12,0
low,6,3,13,212.54,9.55,28,1
low,6,3,14,207.72,11.53,43,1
low,6,3,15,201.70,9.47,62,1
low,6,3,16,198.98,10.20,44,1
low,6,3,17,193.14,9.44,42,1
low,6,3,18,189.22,7.24,42,1
low,6,3,19,185.86,5.84,14,0
low,6,3,20,183.02,10.11,9,0
low,6,4,13,217.87,12.86,8,0
low,6,4,14,214.17,9.42,20,1
low,6,4,15,208.34,9.87,18,1
low,6,4,16,205.01,9.12,43,1
low,6,4,17,199.43,8.79,65,1
low,6,4,18,194.06,8.84,44,1
low,6,4,19,189.23,9.30,49,1
low,6,4,20,183.83,7.43,27,1
low,6,4,21,176.65,9.96,12,0
low,6,4,22,173.85,12.66,9,0
low,6,4,23,178.85,14.90,8,0
low,6,5,15,216.00,14.42,6,0
low,6,5,16,215.86,7.17,14,0
low,6,5,17,205.92,8.59,41,1
low,6,5,18,199.23,9.00,49,1
low,6,5,19,197.24,9.29,61,1
low,6,5,20,190.23,9.62,64,1
low,6,5,21,186.74,7.97,36,1
low,6,5,22,178.22,6.59,27,1
low,6,5,23,178.84,5.91,10,0
low,6,5,24,175.53,6.93,6,0
low,6,5,25,166.40,6.42,7,0
low,6,6,16,198.78,12.61,5,0
low,6,6,17,209.52,7.73,13,0
low,6,6,18,201.83,10.88,16,1
low,6,6,19,200.21,9.12,46,1
low,6,6,20,195.40,7.92,43,1
low,6,6,21,190.81,8.95,51,1
low,6,6,22,186.47,7.83,47,1
low,6,6,23,184.89,8.56,32,1
low,6,6,24,177.80,5.99,21,1
low,6,6,25,176.18,13.64,11,0
low,6,6,26,170.59,7.40,6,0
low,6,7,19,201.49,8.06,8,0
low,6,7,20,201.31,9.49,28,1
low,6,7,21,194.09,8.41,39,1
low,6,7,22,193.52,8.38,46,1
low,6,7,23,186.64,8.13,55,1
low,6,7,24,183.11,6.98,51,1
low,6,7,25,178.22,8.09,26,1
low,6,7,26,175.21,7.11,15,1
low,6,7,27,172.93,6.93,10,0
low,6,7,28,165.37,7.99,7,0
low,6,7,29,185.94,38.76,6,0
low,6,8,21,203.40,10.09,15,1
low,6,8,22,197.00,9.60,22,1
low,6,8,23,193.60,8.52,44,1
low,6,8,24,188.58,8.79,49,1
low,6,8,25,185.13,9.04,57,1
low,6,8,26,180.98,7.61,43,1
low,6,8,27,174.72,7.57,27,1
low,6,8,28,167.79,7.83,17,1
low,6,8,29,162.99,8.14,12,0
low,6,8,30,168.13,15.33,6,0
low,6,9,22,202.24,16.30,5,0
low,6,9,23,192.30,5.90,16,1
low,6,9,24,190.82,9.38,25,1
low,6,9,25,187.33,9.15,36,1
low,6,9,26,185.94,7.06,58,1
low,6,9,27,181.63,7.75,42,1
low,6,9,28,177.64,7.94,47,1
low,6,9,29,175.24,7.90,25,1
low,6,9,30,173.06,5.20,11,0
low,6,9,31,162.54,9.26,9,0
low,6,9,32,153.42,9.59,6,0
low,6,10,23,197.81,7.61,6,0
low,6,10,24,195.93,9.10,13,0
low,6,10,25,196.37,8.11,15,1
low,6,10,26,192.73,6.95,24,1
low,6,10,27,186.98,9.18,36,1
low,6,10,28,178.92,7.32,49,1
low,6,10,29,176.46,7.16,38,1
low,6,10,30,175.38,7.60,35,1
low,6,10,31,171.35,8.08,18,1
low,6,10,32,169.16,6.69,11,0
low,6,10,33,168.23,10.32,12,0
low,6,11,26,195.24,9.37,10,0
low,6,11,27,188.26,5.57,18,1
low,6,11,28,183.98,7.03,27,1
low,6,11,29,181.11,8.29,44,1
low,6,11,30,177.68,7.89,57,1
low,6,11,31,174.60,8.08,39,1
low,6,11,32,172.11,10.85,24,1
low,6,11,33,165.24,6.82,34,1
low,6,11,34,160.02,11.13,5,0
low,6,12,27,189.86,8.19,11,0
low,6,12,28,190.25,8.01,17,1
low,6,12,29,191.59,6.50,14,0
low,6,12,30,184.36,7.58,39,1
low,6,12,31,180.56,7.68,42,1
low,6,12,32,172.91,7.74,42,1
low,6,12,33,169.36,7.92,62,1
low,6,12,34,164.95,6.36,36,1
low,6,12,35,157.59,5.84,9,0
low,6,13,29,192.18,13.14,8,0
low,6,13,30,185.99,10.61,8,0
low,6,13,31,181.35,8.68,31,1
low,6,13,32,178.04,7.68,21,1
low,6,13,33,173.35,9.49,65,1
low,6,13,34,166.73,6.64,57,1
low,6,13,35,161.76,7.69,25,1
low,6,13,36,157.65,8.11,12,0
low,6,14,31,188.04,10.04,11,0
low,6,14,32,183.42,8.90,18,1
low,6,14,33,178.28,9.45,68,1
low,6,14,34,171.22,8.03,68,1
low,6,14,35,165.45,6.64,57,1
low,6,14,36,158.56,6.15,27,1
low,6,14,37,155.16,10.44,7,0
low,6,15,33,181.16,8.25,22,1
low,6,15,34,173.52,9.01,72,1
low,6,15,35,168.36,7.52,49,1
low,6,15,36,165.75,5.65,40,1
low,6,15,37,157.27,7.92,16,1
low,6,15,38,151.47,7.98,7,0
low,6,16,33,185.49,8.98,10,0
low,6,16,34,179.05,8.25,24,1
low,6,16,35,171.30,7.61,54,1
low,6,16,36,165.74,7.90,70,1
low,6,16,37,160.41,8.20,41,1
low,6,16,38,156.16,6.25,19,1
low,6,16,39,155.05,13.51,8,0
low,6,17,34,180.01,6.70,7,0
low,6,17,35,175.54,8.48,28,1
low,6,17,36,169.57,7.86,52,1
low,6,17,37,163.90,6.89,59,1
low,6,17,38,156.70,7.14,41,1
low,6,17,39,155.38,9.79,23,1
low,6,17,40,152.94,6.86,7,0
low,6,18,35,173.47,8.54,16,1
low,6,18,36,170.59,7.12,45,1
low,6,18,37,167.35,8.74,59,1
low,6,18,38,161.14,6.49,66,1
low,6,18,39,156.03,7.30,36,1
low,6,18,40,152.29,4.89,20,1
low,6,18,41,153.38,5.95,5,0
low,6,19,36,176.63,6.61,11,0
low,6,19,37,167.74,8.36,44,1
low,6,19,38,163.61,7.03,64,1
low,6,19,39,160.01,6.64,57,1
low,6,19,40,155.99,7.87,36,1
low,6,19,41,152.86,7.35,16,1
low,6,19,42,143.17,3.90,6,0
low,6,20,36,174.79,8.85,9,0
low,6,20,37,171.86,8.79,15,1
low,6,20,38,165.75,7.86,35,1
low,6,20,39,160.28,8.07,46,1
low,6,20,40,157.10,7.27,52,1
low,6,20,41,154.81,7.19,34,1
low,6,20,42,148.24,6.37,15,1
low,6,20,43,145.15,6.04,7,0
low,6,21,37,177.00,13.34,6,0
low,6,21,38,167.28,8.43,21,1
low,6,21,39,162.80,7.57,30,1
low,6,21,40,158.47,6.62,54,1
low,6,21,41,154.11,6.69,47,1
low,6,21,42,149.78,5.72,35,1
low,6,21,43,148.98,11.07,15,1
low,6,22,39,164.44,4.90,23,1
low,6,22,40,162.23,7.69,50,1
low,6,22,41,157.13,6.78,54,1
low,6,22,42,152.76,8.37,44,1
low,6,22,43,148.02,7.09,29,1
low,6,22,44,143.83,7.20,11,0
low,6,22,45,141.41,8.03,8,0
low,6,23,39,168.46,12.04,9,0
low,6,23,40,163.64,6.49,25,1
low,6,23,41,160.78,8.52,31,1
low,6,23,42,155.62,7.36,42,1
low,6,23,43,149.43,4.83,55,1
low,6,23,44,147.12,6.03,18,1
low,6,23,45,143.96,4.73,7,0
low,6,23,46,141.86,3.70,5,0
low,6,24,40,168.75,9.04,8,0
low,6,24,41,164.42,9.82,24,1
low,6,24,42,157.72,7.30,41,1
low,6,24,43,152.70,6.68,48,1
low,6,24,44,149.04,8.85,30,1
low,6,24,45,145.88,7.72,28,1
low,6,24,46,139.16,8.55,5,0
low,6,25,41,155.70,7.71,13,0
low,6,25,42,160.92,9.18,35,1
low,6,25,43,156.77,7.15,60,1
low,6,25,44,151.41,6.39,88,1
low,6,25,45,149.50,6.80,105,1
low,6,25,46,143.56,7.63,44,1
low,6,25,47,142.59,6.00,29,1
low,6,25,48,130.04,5.14,7,0
low,6,26,43,162.30,7.11,18,1
low,6,26,44,156.05,10.12,32,1
low,6,26,45,151.73,8.04,68,1
low,6,26,46,148.37,6.74,80,1
low,6,26,47,145.12,5.65,66,1
low,6,26,48,143.04,7.17,38,1
low,6,26,49,138.14,7.99,23,1
low,6,26,50,132.25,6.30,13,0
low,6,26,51,134.24,7.42,6,0
low,6,27,44,157.00,8.30,10,0
low,6,27,45,153.29,8.58,21,1
low,6,27,46,150.84,6.58,49,1
low,6,27,47,147.40,7.22,64,1
low,6,27,48,145.09,6.02,73,1
low,6,27,49,140.92,6.17,62,1
low,6,27,50,137.98,6.60,52,1
low,6,27,51,137.29,5.28,14,0
low,6,27,52,133.83,8.02,7,0
low,6,28,47,149.78,8.00,21,1
low,6,28,48,147.93,8.55,53,1
low,6,28,49,145.42,6.52,64,1
low,6,28,50,143.63,6.85,76,1
low,6,28,51,138.62,5.56,51,1
low,6,28,52,135.80,6.52,40,1
low,6,28,53,132.90,5.38,22,1
low,6,28,54,128.26,7.17,8,0
low,6,29,48,148.48,7.87,14,0
low,6,29,49,148.18,7.15,22,1
low,6,29,50,143.92,6.93,56,1
low,6,29,51,139.73,5.80,68,1
low,6,29,52,138.76,7.10,49,1
low,6,29,53,136.38,6.56,47,1
low,6,29,54,133.72,5.51,32,1
low,6,29,55,130.94,9.22,11,0
low,6,29,56,129.39,4.82,5,0
low,6,29,57,133.10,15.75,5,0
low,6,30,49,146.19,8.42,6,0
low,6,30,50,145.69,6.60,14,0
low,6,30,51,142.76,7.38,33,1
low,6,30,52,140.12,6.02,36,1
low,6,30,53,137.17,6.97,57,1
low,6,30,54,135.68,6.99,30,1
low,6,30,55,132.77,6.50,43,1
low,6,30,56,131.55,5.99,27,1
low,6,30,57,126.21,15.23,19,1
low,6,30,58,134.46,16.53,6,0
low,6,31,51,148.80,12.06,8,0
low,6,31,52,143.04,4.96,19,1
low,6,31,53,138.61,7.02,36,1
low,6,31,54,136.65,6.61,50,1
low,6,31,55,135.22,6.26,70,1
low,6,31,56,133.00,6.16,52,1
low,6,31,57,130.90,5.66,54,1
low,6,31,58,126.59,6.50,19,1
low,6,31,59,122.18,3.96,7,0
low,6,32,53,142.46,8.86,7,0
low,6,32,54,139.93,8.85,16,1
low,6,32,55,139.22,6.74,33,1
low,6,32,56,133.78,5.13,49,1
low,6,32,57,130.13,6.48,105,1
low,6,32,58,126.08,5.26,45,1
low,6,32,59,124.91,6.12,22,1
low,6,33,55,137.04,4.09,15,1
low,6,33,56,138.63,6.13,27,1
low,6,33,57,132.80,5.83,138,1
low,6,33,58,128.85,5.81,182,1
low,6,33,59,125.14,6.66,188,1
low,6,34,57,134.66,8.00,15,1
low,6,34,58,130.21,7.85,64,1
low,6,34,59,126.02,6.44,287,1
low,6,35,58,133.82,16.17,8,0
low,6,35,59,127.97,10.20,127,1
low,7,1,7,241.27,11.51,12,0
low,7,1,8,229.76,12.44,31,1
low,7,1,9,222.39,10.35,65,1
low,7,1,10,216.70,8.82,79,1
low,7,1,11,212.22,9.93,66,1
low,7,1,12,204.78,8.85,64,1
low,7,1,13,199.99,8.55,48,1
low,7,1,14,195.16,8.24,16,1
low,7,1,15,188.77,9.46,15,1
low,7,1,16,192.60,22.09,8,0
low,7,2,9,236.40,12.55,16,1
low,7,2,10,226.86,11.39,21,1
low,7,2,11,217.76,10.73,57,1
low,7,2,12,213.41,8.80,66,1
low,7,2,13,208.22,8.45,72,1
low,7,2,14,202.87,8.73,63,1
low,7,2,15,195.65,7.01,29,1
low,7,2,16,191.19,9.61,26,1
low,7,2,17,196.83,17.92,11,0
low,7,2,18,185.99,13.66,9,0
low,7,3,11,224.43,13.02,19,1
low,7,3,12,218.71,8.42,39,1
low,7,3,13,214.65,8.41,49,1
low,7,3,14,209.26,8.70,50,1
low,7,3,15,204.31,7.64,62,1
low,7,3,16,198.02,9.08,53,1
low,7,3,17,193.51,7.69,24,1
low,7,3,18,187.06,12.13,16,1
low,7,4,12,222.41,8.92,5,0
low,7,4,13,218.34,11.49,14,0
low,7,4,14,214.50,8.03,31,1
low,7,4,15,210.32,8.86,52,1
low,7,4,16,204.06,8.79,53,1
low,7,4,17,198.98,9.46,43,1
low,7,4,18,194.05,8.21,49,1
low,7,4,19,188.03,8.29,32,1
low,7,4,20,185.88,5.02,15,1
low,7,4,21,177.44,2.92,5,0
low,7,5,14,228.18,9.60,5,0
low,7,5,15,217.32,9.03,24,1
low,7,5,16,212.17,7.89,47,1
low,7,5,17,205.69,9.69,47,1
low,7,5,18,199.64,10.94,55,1
low,7,5,19,194.38,7.34,60,1
low,7,5,20,191.95,9.35,46,1
low,7,5,21,186.45,9.53,25,1
low,7,5,22,186.14,14.11,7,0
low,7,6,16,209.43,11.87,6,0
low,7,6,17,211.60,10.50,19,1
low,7,6,18,207.40,9.20,47,1
low,7,6,19,203.25,9.23,57,1
low,7,6,20,194.95,8.62,67,1
low,7,6,21,194.50,8.28,51,1
low,7,6,22,187.78,8.61,32,1
low,7,6,23,187.03,24.45,20,1
low,7,6,24,185.96,12.18,6,0
low,7,6,25,172.04,6.72,7,0
low,7,7,18,213.35,11.20,16,1
low,7,7,19,203.51,12.77,29,1
low,7,7,20,203.87,8.68,37,1
low,7,7,21,196.88,8.98,65,1
low,7,7,22,192.16,8.49,62,1
low,7,7,23,188.22,6.19,37,1
low,7,7,24,186.38,8.51,23,1
low,7,7,25,179.29,7.91,18,1
low,7,7,26,174.02,8.86,8,0
low,7,7,27,176.58,11.97,5,0
low,7,8,20,204.91,12.39,16,1
low,7,8,21,200.09,11.21,31,1
low,7,8,22,195.52,10.74,47,1
low,7,8,23,193.36,11.78,55,1
low,7,8,24,186.75,7.75,60,1
low,7,8,25,184.97,8.14,57,1
low,7,8,26,180.07,8.25,21,1
low,7,8,27,176.28,8.58,15,1
low,7,8,28,177.53,10.97,8,0
low,7,9,21,198.75,7.14,5,0
low,7,9,22,203.08,8.12,18,1
low,7,9,23,198.59,8.67,40,1
low,7,9,24,194.05,9.14,46,1
low,7,9,25,188.59,9.33,46,1
low,7,9,26,183.65,8.62,42,1
low,7,9,27,180.56,7.96,46,1
low,7,9,28,177.50,8.91,30,1
low,7,9,29,175.31,8.30,15,1
low,7,9,30,169.99,6.57,5,0
low,7,9,31,162.09,5.72,5,0
low,7,10,22,209.64,9.98,5,0
low,7,10,23,199.77,12.09,12,0
low,7,10,24,196.27,9.26,18,1
low,7,10,25,191.83,7.34,17,1
low,7,10,26,188.72,8.07,31,1
low,7,10,27,185.88,7.66,42,1
low,7,10,28,181.01,8.09,39,1
low,7,10,29,176.87,5.94,26,1
low,7,10,30,174.95,6.14,29,1
low,7,10,31,174.34,6.91,8,0
low,7,10,32,167.35,5.71,6,0
low,7,11,24,201.88,11.92,7,0
low,7,11,25,193.73,6.13,5,0
low,7,11,26,195.73,6.39,27,1
low,7,11,27,192.48,7.26,35,1
low,7,11,28,183.30,8.38,39,1
low,7,11,29,181.50,8.45,39,1
low,7,11,30,176.89,7.01,34,1
low,7,11,31,177.01,6.29,16,1
low,7,11,32,172.95,5.21,15,1
low,7,11,33,165.82,7.99,12,0
low,7,11,34,163.84,8.56,7,0
low,7,12,26,205.42,20.16,9,0
low,7,12,27,194.04,7.53,17,1
low,7,12,28,192.13,8.94,25,1
low,7,12,29,186.50,8.25,33,1
low,7,12,30,181.83,8.90,35,1
low,7,12,31,179.88,8.84,46,1
low,7,12,32,175.50,5.91,24,1
low,7,12,33,171.43,7.76,49,1
low,7,12,34,166.58,9.02,19,1
low,7,12,35,161.13,10.95,7,0
low,7,13,27,217.97,17.41,5,0
low,7,13,28,192.58,9.05,5,0
low,7,13,29,191.29,12.38,14,0
low,7,13,30,186.36,10.40,22,1
low,7,13,31,182.82,8.58,41,1
low,7,13,32,179.29,7.13,35,1
low,7,13,33,175.01,7.67,78,1
low,7,13,34,166.89,8.11,33,1
low,7,13,35,167.26,12.77,12,0
low,7,13,36,157.90,6.97,5,0
low,7,14,30,196.07,9.46,7,0
low,7,14,31,183.34,8.01,16,1
low,7,14,32,183.41,9.91,40,1
low,7,14,33,177.78,7.43,67,1
low,7,14,34,172.82,8.15,52,1
low,7,14,35,164.51,8.59,29,1
low,7,14,36,171.25,8.34,10,0
low,7,15,31,196.44,15.38,9,0
low,7,15,32,182.06,9.86,9,0
low,7,15,33,181.98,8.63,62,1
low,7,15,34,176.37,8.93,68,1
low,7,15,35,169.47,7.20,66,1
low,7,15,36,164.63,8.55,32,1
low,7,15,37,154.84,6.37,9,0
low,7,16,33,185.70,8.16,16,1
low,7,16,34,180.52,7.22,31,1
low,7,16,35,172.88,6.85,67,1
low,7,16,36,168.00,6.33,54,1
low,7,16,37,159.95,5.97,33,1
low,7,16,38,163.54,9.33,10,0
low,7,17,33,191.23,8.34,7,0
low,7,17,34,178.80,7.55,20,1
low,7,17,35,174.93,7.31,61,1
low,7,17,36,169.36,7.44,67,1
low,7,17,37,162.40,7.15,48,1
low,7,17,38,158.00,9.22,19,1
low,7,17,39,151.86,6.27,7,0
low,7,17,40,141.49,5.62,5,0
low,7,18,35,177.09,7.53,24,1
low,7,18,36,173.31,7.27,61,1
low,7,18,37,166.82,6.83,70,1
low,7,18,38,162.61,7.90,56,1
low,7,18,39,157.50,5.42,29,1
low,7,18,40,151.95,7.18,10,0
low,7,19,35,179.71,12.92,6,0
low,7,19,36,176.09,8.22,37,1
low,7,19,37,169.94,6.83,53,1
low,7,19,38,163.43,6.90,66,1
low,7,19,39,159.40,7.49,48,1
low,7,19,40,155.32,5.91,21,1
low,7,19,41,151.89,4.92,10,0
low,7,19,42,142.18,7.55,5,0
low,7,20,37,173.48,8.43,30,1
low,7,20,38,168.84,6.08,52,1
low,7,20,39,161.16,6.06,58,1
low,7,20,40,158.19,6.62,39,1
low,7,20,41,150.38,6.82,21,1
low,7,21,37,177.90,4.81,6,0
low,7,21,38,170.00,10.67,31,1
low,7,21,39,163.05,6.90,58,1
low,7,21,40,159.07,6.82,48,1
low,7,21,41,155.68,5.52,35,1
low,7,21,42,150.35,6.84,20,1
low,7,22,38,169.51,10.50,14,0
low,7,22,39,170.81,7.49,30,1
low,7,22,40,161.48,7.78,44,1
low,7,22,41,158.82,7.02,42,1
low,7,22,42,151.93,6.73,42,1
low,7,22,43,151.89,5.70,19,1
low,7,22,44,143.98,7.30,9,0
low,7,23,38,164.99,13.87,8,0
low,7,23,39,168.94,8.51,20,1
low,7,23,40,165.00,6.74,34,1
low,7,23,41,160.84,6.66,39,1
low,7,23,42,156.43,6.04,59,1
low,7,23,43,150.04,8.32,39,1
low,7,23,44,147.66,6.52,17,1
low,7,23,45,146.22,8.63,7,0
low,7,24,40,167.90,6.64,15,1
low,7,24,41,166.42,6.07,30,1
low,7,24,42,158.55,7.92,51,1
low,7,24,43,154.86,7.42,42,1
low,7,24,44,148.65,7.22,25,1
low,7,24,45,146.59,6.36,18,1
low,7,25,41,167.52,13.23,21,1
low,7,25,42,158.78,6.69,59,1
low,7,25,43,156.01,7.14,94,1
low,7,25,44,152.98,6.44,105,1
low,7,25,45,148.92,7.90,74,1
low,7,25,46,144.66,8.21,47,1
low,7,25,47,140.63,6.56,18,1
low,7,25,48,137.63,9.94,6,0
low,7,26,42,163.30,11.20,8,0
low,7,26,43,159.38,6.72,32,1
low,7,26,44,155.50,6.78,57,1
low,7,26,45,152.49,6.52,85,1
low,7,26,46,147.44,6.70,76,1
low,7,26,47,144.89,6.51,65,1
low,7,26,48,144.63,8.37,23,1
low,7,26,49,140.51,4.85,19,1
low,7,26,50,139.48,6.63,6,0
low,7,27,44,162.36,8.89,21,1
low,7,27,45,155.63,7.58,29,1
low,7,27,46,152.94,6.53,66,1
low,7,27,47,148.87,5.92,82,1
low,7,27,48,144.30,7.97,60,1
low,7,27,49,142.56,6.29,46,1
low,7,27,50,138.66,6.14,32,1
low,7,27,51,140.96,6.91,10,0
low,7,27,53,134.22,11.52,6,0
low,7,28,45,163.69,6.96,6,0
low,7,28,46,153.35,6.28,17,1
low,7,28,47,152.02,6.46,41,1
low,7,28,48,148.36,7.56,75,1
low,7,28,49,144.51,7.14,79,1
low,7,28,50,142.10,6.39,54,1
low,7,28,51,141.03,7.30,35,1
low,7,28,52,137.48,6.93,18,1
low,7,28,53,133.72,6.25,13,0
low,7,29,47,151.25,9.44,6,0
low,7,29,48,151.60,7.76,28,1
low,7,29,49,144.94,7.70,43,1
low,7,29,50,144.47,7.41,63,1
low,7,29,51,143.44,6.07,72,1
low,7,29,52,139.52,5.42,50,1
low,7,29,53,136.82,6.15,41,1
low,7,29,54,137.36,4.83,8,0
low,7,29,55,127.43,7.45,11,0
low,7,29,57,119.59,7.85,6,0
low,7,30,49,152.37,8.57,12,0
low,7,30,50,148.83,6.53,27,1
low,7,30,51,145.27,6.32,56,1
low,7,30,52,141.62,6.80,63,1
low,7,30,53,139.31,6.61,65,1
low,7,30,54,136.43,5.99,48,1
low,7,30,55,133.40,4.95,27,1
low,7,30,56,129.98,5.88,17,1
low,7,30,57,130.54,9.18,16,1
low,7,30,58,125.81,6.66,5,0
low,7,31,51,148.25,4.89,15,1
low,7,31,52,143.70,7.04,28,1
low,7,31,53,140.45,7.53,52,1
low,7,31,54,138.62,6.51,58,1
low,7,31,55,135.84,6.57,53,1
low,7,31,56,132.73,5.75,39,1
low,7,31,57,129.66,6.36,45,1
low,7,31,58,124.20,4.55,11,0
low,7,32,52,146.60,6.17,10,0
low,7,32,53,139.94,4.62,15,1
low,7,32,54,141.18,6.79,41,1
low,7,32,55,135.95,5.43,40,1
low,7,32,56,135.16,6.23,58,1
low,7,32,57,131.32,6.35,88,1
low,7,32,58,127.68,7.60,32,1
low,7,32,59,126.60,5.03,10,0
low,7,33,53,142.06,7.45,5,0
low,7,33,54,138.57,7.05,13,0
low,7,33,55,138.96,6.07,24,1
low,7,33,56,137.72,5.93,37,1
low,7,33,57,134.31,6.64,150,1
low,7,33,58,128.91,5.75,158,1
low,7,33,59,124.90,6.30,136,1
low,7,34,57,133.42,6.33,20,1
low,7,34,58,131.39,5.56,93,1
low,7,34,59,126.66,6.28,320,1
low,7,35,58,130.45,9.23,7,0
low,7,35,59,126.54,6.52,181,1
low,8,1,6,243.99,15.34,12,0
low,8,1,7,239.38,14.00,31,1
low,8,1,8,232.90,9.62,71,1
low,8,1,9,225.14,10.30,84,1
low,8,1,10,219.39,10.15,103,1
low,8,1,11,209.53,9.65,67,1
low,8,1,12,207.99,9.11,58,1
low,8,1,13,205.31,12.68,19,1
low,8,1,14,199.51,7.86,13,0
low,8,2,8,242.76,6.56,5,0
low,8,2,9,233.84,11.22,28,1
low,8,2,10,225.89,11.38,48,1
low,8,2,11,220.28,8.86,60,1
low,8,2,12,214.39,7.79,57,1
low,8,2,13,209.97,9.54,52,1
low,8,2,14,203.12,9.59,33,1
low,8,2,15,197.43,6.59,14,0
low,8,2,16,190.56,11.91,10,0
low,8,3,10,232.84,10.38,16,1
low,8,3,11,224.53,12.46,30,1
low,8,3,12,220.72,10.64,49,1
low,8,3,13,213.58,10.01,68,1
low,8,3,14,210.34,8.90,74,1
low,8,3,15,203.79,8.46,53,1
low,8,3,16,200.38,9.43,24,1
low,8,3,17,193.45,7.09,10,0
low,8,3,18,188.14,8.03,9,0
low,8,4,11,230.78,11.59,7,0
low,8,4,12,222.83,10.70,19,1
low,8,4,13,221.41,11.10,49,1
low,8,4,14,215.50,9.57,69,1
low,8,4,15,208.36,9.77,74,1
low,8,4,16,205.08,10.92,58,1
low,8,4,17,200.72,9.68,45,1
low,8,4,18,191.58,9.82,18,1
low,8,4,19,189.94,11.22,8,0
low,8,4,20,188.09,15.67,6,0
low,8,5,13,228.93,13.66,10,0
low,8,5,14,220.18,10.95,21,1
low,8,5,15,217.64,11.20,33,1
low,8,5,16,210.79,9.64,52,1
low,8,5,17,205.55,10.62,52,1
low,8,5,18,196.97,8.83,60,1
low,8,5,19,196.09,10.86,36,1
low,8,5,20,194.56,8.73,17,1
low,8,5,21,185.85,7.83,11,0
low,8,6,14,221.79,15.56,7,0
low,8,6,15,219.91,11.95,13,0
low,8,6,16,217.30,9.88,24,1
low,8,6,17,212.89,8.68,42,1
low,8,6,18,206.52,9.87,59,1
low,8,6,19,200.89,7.35,63,1
low,8,6,20,196.59,9.39,51,1
low,8,6,21,191.22,10.03,35,1
low,8,6,22,187.62,5.75,20,1
low,8,6,23,182.00,6.94,13,0
low,8,6,24,183.26,15.25,13,0
low,8,7,16,227.47,4.30,5,0
low,8,7,17,216.45,11.66,12,0
low,8,7,18,210.13,8.30,35,1
low,8,7,19,208.56,8.27,53,1
low,8,7,20,202.79,8.40,58,1
low,8,7,21,195.40,9.01,52,1
low,8,7,22,192.66,7.93,44,1
low,8,7,23,187.80,8.81,35,1
low,8,7,24,183.35,9.57,23,1
low,8,8,18,216.17,20.68,5,0
low,8,8,19,205.57,11.63,13,0
low,8,8,20,208.30,7.98,36,1
low,8,8,21,203.36,8.16,46,1
low,8,8,22,199.71,8.58,49,1
low,8,8,23,192.89,6.76,53,1
low,8,8,24,190.97,7.64,44,1
low,8,8,25,182.62,7.29,31,1
low,8,8,26,184.06,7.41,15,1
low,8,8,27,184.62,9.64,9,0
low,8,9,21,211.05,10.38,19,1
low,8,9,22,202.14,8.96,28,1
low,8,9,23,197.33,8.32,40,1
low,8,9,24,200.36,38.56,56,1
low,8,9,25,189.38,7.24,48,1
low,8,9,26,188.22,8.12,34,1
low,8,9,27,181.70,9.21,26,1
low,8,9,28,180.31,6.89,12,0
low,8,9,29,171.17,3.66,7,0
low,8,10,21,209.84,7.95,5,0
low,8,10,22,195.29,7.04,6,0
low,8,10,23,198.75,9.36,20,1
low,8,10,24,197.43,8.26,41,1
low,8,10,25,196.92,8.49,62,1
low,8,10,26,188.87,8.78,44,1
low,8,10,27,186.83,8.04,46,1
low,8,10,28,181.70,6.08,31,1
low,8,10,29,180.39,6.62,18,1
low,8,10,30,173.46,5.48,13,0
low,8,10,32,164.21,1.94,5,0
low,8,11,24,203.55,15.80,6,0
low,8,11,25,197.04,11.92,28,1
low,8,11,26,196.27,7.85,40,1
low,8,11,27,189.84,7.92,40,1
low,8,11,28,188.25,7.84,52,1
low,8,11,29,183.51,7.47,38,1
low,8,11,30,180.63,8.22,16,1
low,8,11,31,173.22,5.22,16,1
low,8,11,32,169.95,7.27,10,0
low,8,11,33,165.73,9.63,5,0
low,8,12,25,211.32,12.34,6,0
low,8,12,26,204.92,10.08,16,1
low,8,12,27,196.40,7.26,31,1
low,8,12,28,191.82,7.85,34,1
low,8,12,29,188.52,9.46,31,1
low,8,12,30,183.54,7.63,41,1
low,8,12,31,181.55,7.75,40,1
low,8,12,32,178.84,7.79,30,1
low,8,12,33,175.56,8.66,20,1
low,8,13,27,195.62,13.11,5,0
low,8,13,28,195.58,9.20,13,0
low,8,13,29,189.65,8.78,31,1
low,8,13,30,189.93,7.72,41,1
low,8,13,31,183.13,7.95,56,1
low,8,13,32,181.23,8.70,41,1
low,8,13,33,174.71,8.67,58,1
low,8,13,34,168.39,7.23,21,1
low,8,13,35,165.42,6.74,7,0
low,8,13,36,156.69,6.94,6,0
low,8,14,28,196.68,11.26,6,0
low,8,14,29,193.87,14.42,10,0
low,8,14,30,194.10,7.64,22,1
low,8,14,31,185.65,9.69,30,1
low,8,14,32,186.32,8.33,33,1
low,8,14,33,178.22,8.32,81,1
low,8,14,34,172.33,7.05,49,1
low,8,14,35,165.89,7.15,23,1
low,8,15,30,195.23,14.67,5,0
low,8,15,31,197.60,10.59,11,0
low,8,15,32,190.55,9.28,22,1
low,8,15,33,182.46,7.84,75,1
low,8,15,34,175.73,6.90,77,1
low,8,15,35,170.02,6.98,48,1
low,8,15,36,165.00,8.94,27,1
low,8,15,37,155.19,4.43,6,0
low,8,16,32,188.47,14.65,7,0
low,8,16,33,183.54,9.27,37,1
low,8,16,34,180.47,7.68,69,1
low,8,16,35,172.92,8.14,79,1
low,8,16,36,165.34,8.50,29,1
low,8,16,37,159.42,6.15,15,1
low,8,17,33,192.18,12.78,16,1
low,8,17,34,180.45,8.99,40,1
low,8,17,35,174.50,7.80,71,1
low,8,17,36,171.40,9.65,57,1
low,8,17,37,164.00,7.62,32,1
low,8,17,38,160.84,9.52,12,0
low,8,17,39,153.26,7.68,5,0
low,8,18,34,184.21,18.12,13,0
low,8,18,35,179.42,8.12,59,1
low,8,18,36,173.84,7.25,82,1
low,8,18,37,165.99,7.79,62,1
low,8,18,38,162.89,8.51,43,1
low,8,18,39,158.18,6.65,16,1
low,8,18,40,155.85,5.57,5,0
low,8,19,35,185.47,11.72,16,1
low,8,19,36,176.36,8.84,44,1
low,8,19,37,170.56,7.62,58,1
low,8,19,38,166.05,8.32,61,1
low,8,19,39,160.09,7.13,36,1
low,8,19,40,153.78,8.10,10,0
low,8,19,41,148.98,5.73,6,0
low,8,20,36,182.72,7.85,15,1
low,8,20,37,174.84,6.23,45,1
low,8,20,38,168.76,7.40,57,1
low,8,20,39,159.37,6.60,43,1
low,8,20,40,159.68,5.37,31,1
low,8,20,41,152.02,7.42,8,0
low,8,21,36,182.17,4.69,6,0
low,8,21,37,174.16,7.80,20,1
low,8,21,38,170.91,6.49,41,1
low,8,21,39,166.27,8.36,62,1
low,8,21,40,160.94,6.47,33,1
low,8,21,41,155.52,6.20,21,1
low,8,21,42,153.93,5.84,10,0
low,8,22,37,180.59,3.22,6,0
low,8,22,38,174.55,7.20,28,1
low,8,22,39,167.29,7.48,41,1
low,8,22,40,162.87,7.03,70,1
low,8,22,41,159.91,6.63,52,1
low,8,22,42,151.56,7.50,30,1
low,8,22,43,149.84,6.11,9,0
low,8,23,38,167.73,9.66,12,0
low,8,23,39,168.29,8.20,18,1
low,8,23,40,166.49,6.93,50,1
low,8,23,41,162.17,7.78,72,1
low,8,23,42,157.43,6.94,40,1
low,8,23,43,152.59,7.62,17,1
low,8,23,44,144.94,7.16,10,0
low,8,24,39,171.78,7.69,11,0
low,8,24,40,169.54,8.25,27,1
low,8,24,41,162.45,8.21,41,1
low,8,24,42,159.21,7.30,57,1
low,8,24,43,153.70,7.98,41,1
low,8,24,44,152.89,13.52,20,1
low,8,24,45,146.33,5.11,5,0
low,8,25,40,172.42,10.08,15,1
low,8,25,41,166.66,8.96,40,1
low,8,25,42,161.06,6.95,79,1
low,8,25,43,156.75,7.36,104,1
low,8,25,44,153.84,6.83,98,1
low,8,25,45,148.58,5.69,35,1
low,8,25,46,142.38,7.20,26,1
low,8,25,47,144.30,7.12,9,0
low,8,26,41,164.73,10.43,6,0
low,8,26,42,166.16,9.72,12,0
low,8,26,43,160.20,7.55,49,1
low,8,26,44,158.22,7.11,92,1
low,8,26,45,153.29,7.01,96,1
low,8,26,46,149.35,7.04,66,1
low,8,26,47,146.77,6.07,41,1
low,8,26,48,142.34,5.94,22,1
low,8,26,49,141.72,6.82,11,0
low,8,27,43,162.01,6.80,6,0
low,8,27,44,159.18,7.12,22,1
low,8,27,45,157.17,7.56,55,1
low,8,27,46,153.64,7.83,73,1
low,8,27,47,149.41,6.88,79,1
low,8,27,48,143.97,6.72,60,1
low,8,27,49,144.49,6.30,32,1
low,8,27,50,139.03,9.10,23,1
low,8,27,51,136.66,6.16,7,0
low,8,28,45,157.12,7.94,13,0
low,8,28,46,156.51,7.86,32,1
low,8,28,47,153.24,7.22,62,1
low,8,28,48,150.16,7.54,91,1
low,8,28,49,145.86,8.84,71,1
low,8,28,50,141.26,6.16,51,1
low,8,28,51,141.05,11.81,26,1
low,8,28,52,135.42,8.01,15,1
low,8,28,53,130.17,7.06,6,0
low,8,28,54,128.88,5.99,5,0
low,8,29,47,155.03,7.11,10,0
low,8,29,48,152.80,6.69,28,1
low,8,29,49,148.14,6.57,63,1
low,8,29,50,145.85,8.19,83,1
low,8,29,51,140.58,6.32,66,1
low,8,29,52,141.07,7.08,54,1
low,8,29,53,135.34,7.86,27,1
low,8,29,54,132.64,4.93,12,0
low,8,30,49,149.06,6.66,21,1
low,8,30,50,147.19,7.00,42,1
low,8,30,51,144.67,7.55,70,1
low,8,30,52,141.65,6.53,68,1
low,8,30,53,140.02,7.16,61,1
low,8,30,54,136.15,6.36,34,1
low,8,30,55,133.00,6.11,15,1
low,8,30,56,129.37,4.59,12,0
low,8,30,57,129.16,5.46,7,0
low,8,31,50,139.64,7.27,9,0
low,8,31,51,144.47,6.80,28,1
low,8,31,52,144.89,7.65,49,1
low,8,31,53,141.14,6.06,53,1
low,8,31,54,139.14,6.39,54,1
low,8,31,55,135.97,5.60,40,1
low,8,31,56,133.96,5.55,33,1
low,8,31,57,131.86,7.15,22,1
low,8,32,51,142.14,11.07,5,0
low,8,32,52,144.25,10.25,16,1
low,8,32,53,142.87,7.26,27,1
low,8,32,54,141.53,5.87,54,1
low,8,32,55,137.61,7.01,44,1
low,8,32,56,136.75,6.22,42,1
low,8,32,57,132.27,5.93,64,1
low,8,32,58,128.06,8.24,22,1
low,8,32,59,122.54,8.20,7,0
low,8,33,53,140.02,10.01,7,0
low,8,33,54,144.33,6.96,20,1
low,8,33,55,139.81,7.04,40,1
low,8,33,56,137.06,7.13,54,1
low,8,33,57,135.32,6.47,167,1
low,8,33,58,130.97,5.81,157,1
low,8,33,59,124.73,7.32,81,1
low,8,34,56,137.46,3.78,5,0
low,8,34,57,135.72,8.76,48,1
low,8,34,58,133.13,6.70,105,1
low,8,34,59,126.94,6.61,274,1
low,8,35,58,135.53,8.87,13,0
low,8,35,59,128.67,6.16,221,1
low,9,1,5,254.24,15.89,15,1
low,9,1,6,243.94,9.48,32,1
low,9,1,7,238.62,9.85,60,1
low,9,1,8,232.44,9.90,90,1
low,9,1,9,224.24,10.13,103,1
low,9,1,10,217.77,9.62,63,1
low,9,1,11,213.37,10.54,42,1
low,9,1,12,206.19,11.58,27,1
low,9,1,13,206.06,13.06,13,0
low,9,2,7,241.88,18.81,9,0
low,9,2,8,240.78,13.04,25,1
low,9,2,9,233.99,11.03,61,1
low,9,2,10,230.20,8.18,71,1
low,9,2,11,219.14,8.41,75,1
low,9,2,12,214.80,8.50,45,1
low,9,2,13,206.86,7.63,22,1
low,9,2,14,201.54,11.09,19,1
low,9,3,9,236.31,8.28,15,1
low,9,3,10,235.56,11.00,42,1
low,9,3,11,228.19,8.99,57,1
low,9,3,12,222.30,9.10,72,1
low,9,3,13,214.59,9.15,57,1
low,9,3,14,207.59,11.09,55,1
low,9,3,15,202.66,7.72,32,1
low,9,3,16,197.75,7.89,12,0
low,9,4,10,245.12,16.50,10,0
low,9,4,11,240.99,12.28,15,1
low,9,4,12,228.94,9.89,39,1
low,9,4,13,223.04,8.72,70,1
low,9,4,14,216.11,9.50,83,1
low,9,4,15,212.99,7.36,59,1
low,9,4,16,203.26,9.61,40,1
low,9,4,17,197.31,11.69,14,0
low,9,4,18,194.33,8.69,10,0
low,9,5,12,235.49,15.25,11,0
low,9,5,13,233.01,10.56,22,1
low,9,5,14,225.24,9.18,46,1
low,9,5,15,217.50,10.17,67,1
low,9,5,16,212.18,10.03,70,1
low,9,5,17,203.82,10.48,58,1
low,9,5,18,199.91,8.15,30,1
low,9,5,19,193.97,11.34,29,1
low,9,5,20,190.95,11.50,7,0
low,9,5,22,188.34,26.75,6,0
low,9,6,14,231.17,5.47,11,0
low,9,6,15,227.60,8.64,21,1
low,9,6,16,217.36,10.41,60,1
low,9,6,17,211.82,8.64,74,1
low,9,6,18,206.66,8.68,70,1
low,9,6,19,201.38,9.40,59,1
low,9,6,20,197.95,6.29,22,1
low,9,6,21,191.78,10.50,17,1
low,9,6,22,184.67,10.45,12,0
low,9,6,23,187.41,14.30,6,0
low,9,7,15,233.65,15.92,9,0
low,9,7,16,224.70,10.28,17,1
low,9,7,17,221.58,10.41,35,1
low,9,7,18,212.06,10.75,49,1
low,9,7,19,206.24,11.92,55,1
low,9,7,20,201.88,7.77,63,1
low,9,7,21,198.03,7.42,53,1
low,9,7,22,192.74,9.43,30,1
low,9,7,23,192.91,11.52,17,1
low,9,8,18,219.38,13.92,14,0
low,9,8,19,213.98,10.37,34,1
low,9,8,20,206.45,8.24,51,1
low,9,8,21,201.55,9.91,72,1
low,9,8,22,200.64,10.62,51,1
low,9,8,23,193.66,7.50,53,1
low,9,8,24,190.53,8.68,24,1
low,9,8,25,188.22,8.33,12,0
low,9,8,26,190.61,10.88,7,0
low,9,9,19,221.06,13.03,13,0
low,9,9,20,217.01,8.57,13,0
low,9,9,21,211.21,9.42,24,1
low,9,9,22,203.86,8.55,57,1
low,9,9,23,199.47,9.55,50,1
low,9,9,24,195.83,8.25,45,1
low,9,9,25,189.54,9.84,30,1
low,9,9,26,186.44,6.38,21,1
low,9,9,27,186.57,18.88,12,0
low,9,10,20,222.16,9.91,5,0
low,9,10,21,212.57,7.24,10,0
low,9,10,22,210.91,9.99,28,1
low,9,10,23,202.04,8.44,44,1
low,9,10,24,200.62,8.35,47,1
low,9,10,25,192.61,7.04,56,1
low,9,10,26,191.25,8.73,37,1
low,9,10,27,186.32,8.98,19,1
low,9,10,28,178.66,8.09,16,1
low,9,10,29,177.14,4.80,14,0
low,9,10,30,173.65,3.95,7,0
low,9,10,31,168.62,8.48,6,0
low,9,11,22,215.41,18.58,5,0
low,9,11,23,209.85,16.79,15,1
low,9,11,24,203.61,9.58,20,1
low,9,11,25,200.84,7.99,42,1
low,9,11,26,196.09,9.47,53,1
low,9,11,27,191.01,7.67,60,1
low,9,11,28,185.26,8.65,47,1
low,9,11,29,183.76,6.78,27,1
low,9,11,30,177.19,8.39,21,1
low,9,11,31,176.44,11.47,9,0
low,9,12,24,205.02,14.91,7,0
low,9,12,25,202.81,14.28,12,0
low,9,12,26,202.00,7.66,34,1
low,9,12,27,197.05,9.17,43,1
low,9,12,28,190.45,7.12,65,1
low,9,12,29,188.95,7.78,44,1
low,9,12,30,184.86,8.67,38,1
low,9,12,31,179.22,8.15,22,1
low,9,12,32,174.06,6.27,14,0
low,9,12,33,171.38,12.48,11,0
low,9,13,25,208.55,10.93,7,0
low,9,13,26,207.18,8.71,14,0
low,9,13,27,200.06,5.03,13,0
low,9,13,28,197.22,9.46,31,1
low,9,13,29,190.92,7.21,43,1
low,9,13,30,187.72,8.04,53,1
low,9,13,31,183.75,6.73,43,1
low,9,13,32,182.09,8.53,24,1
low,9,13,33,172.72,7.29,35,1
low,9,13,34,166.41,8.90,7,0
low,9,14,27,194.74,4.97,6,0
low,9,14,28,201.03,15.27,5,0
low,9,14,29,196.85,10.36,23,1
low,9,14,30,193.53,8.40,32,1
low,9,14,31,189.61,8.26,41,1
low,9,14,32,183.56,8.79,49,1
low,9,14,33,179.73,10.62,64,1
low,9,14,34,173.93,8.80,30,1
low,9,14,35,166.19,6.02,8,0
low,9,15,30,190.99,10.38,14,0
low,9,15,31,194.10,8.54,18,1
low,9,15,32,186.70,7.56,29,1
low,9,15,33,183.67,7.74,100,1
low,9,15,34,176.09,7.78,60,1
low,9,15,35,173.76,10.77,17,1
low,9,16,31,196.50,6.20,7,0
low,9,16,32,194.10,11.48,19,1
low,9,16,33,185.77,8.22,71,1
low,9,16,34,181.13,8.26,93,1
low,9,16,35,178.80,38.78,59,1
low,9,16,36,163.90,8.19,22,1
low,9,16,37,167.97,10.31,8,0
low,9,17,33,189.61,9.69,21,1
low,9,17,34,186.39,8.58,59,1
low,9,17,35,176.50,7.69,81,1
low,9,17,36,171.77,9.04,50,1
low,9,17,37,164.01,6.80,32,1
low,9,17,38,154.40,7.27,6,0
low,9,18,33,193.11,12.98,8,0
low,9,18,34,188.07,8.74,28,1
low,9,18,35,179.29,9.39,81,1
low,9,18,36,173.30,7.44,78,1
low,9,18,37,165.62,6.91,45,1
low,9,18,38,163.23,6.19,20,1
low,9,19,34,193.19,9.47,13,0
low,9,19,35,183.43,8.68,34,1
low,9,19,36,177.56,8.10,60,1
low,9,19,37,171.85,7.59,62,1
low,9,19,38,167.49,6.49,40,1
low,9,19,39,155.33,7.86,20,1
low,9,19,40,157.33,8.76,5,0
low,9,20,35,183.65,13.21,10,0
low,9,20,36,180.16,7.96,36,1
low,9,20,37,173.87,8.28,97,1
low,9,20,38,169.64,7.08,66,1
low,9,20,39,162.86,7.00,39,1
low,9,20,40,161.37,9.69,18,1
low,9,20,41,155.66,6.07,8,0
low,9,21,36,187.33,11.05,13,0
low,9,21,37,178.11,7.53,43,1
low,9,21,38,173.51,6.71,57,1
low,9,21,39,165.92,6.97,64,1
low,9,21,40,160.16,7.69,40,1
low,9,21,41,157.39,4.40,20,1
low,9,21,42,156.15,7.34,5,0
low,9,22,37,179.04,7.80,7,0
low,9,22,38,173.22,8.73,41,1
low,9,22,39,168.84,7.94,46,1
low,9,22,40,163.06,6.71,61,1
low,9,22,41,158.50,6.91,33,1
low,9,22,42,155.29,12.68,12,0
low,9,23,38,174.44,6.29,16,1
low,9,23,39,170.10,8.60,40,1
low,9,23,40,165.61,8.21,75,1
low,9,23,41,160.85,7.74,53,1
low,9,23,42,156.06,7.13,21,1
low,9,23,43,154.01,6.54,11,0
low,9,23,44,142.71,1.91,5,0
low,9,24,39,175.76,10.71,18,1
low,9,24,40,168.16,7.44,42,1
low,9,24,41,165.07,8.04,50,1
low,9,24,42,160.26,6.42,44,1
low,9,24,43,155.74,6.97,30,1
low,9,24,44,146.92,7.13,9,0
low,9,25,39,189.19,9.75,5,0
low,9,25,40,170.94,6.13,33,1
low,9,25,41,166.59,8.31,60,1
low,9,25,42,162.66,7.61,116,1
low,9,25,43,158.94,7.82,83,1
low,9,25,44,153.89,7.18,66,1
low,9,25,45,151.53,5.07,16,1
low,9,25,46,148.66,8.02,16,1
low,9,25,47,139.55,4.93,5,0
low,9,26,40,172.96,6.32,5,0
low,9,26,41,177.40,6.61,9,0
low,9,26,42,165.96,8.77,32,1
low,9,26,43,162.62,7.07,70,1
low,9,26,44,157.33,7.03,104,1
low,9,26,45,154.34,7.31,87,1
low,9,26,46,149.22,7.18,68,1
low,9,26,47,146.40,8.25,31,1
low,9,26,48,142.48,9.41,12,0
low,9,26,49,136.03,8.45,5,0
low,9,27,42,172.33,16.94,5,0
low,9,27,43,164.02,6.84,19,1
low,9,27,44,160.82,9.01,43,1
low,9,27,45,158.49,6.60,73,1
low,9,27,46,154.07,6.52,100,1
low,9,27,47,150.29,6.53,78,1
low,9,27,48,145.60,6.69,52,1
low,9,27,49,142.89,6.35,27,1
low,9,27,50,147.30,12.43,7,0
low,9,28,44,154.16,8.03,6,0
low,9,28,45,161.81,9.62,22,1
low,9,28,46,158.90,6.24,45,1
low,9,28,47,153.02,7.53,82,1
low,9,28,48,150.55,6.39,107,1
low,9,28,49,146.81,7.86,47,1
low,9,28,50,143.77,9.25,33,1
low,9,28,51,141.34,6.59,19,1
low,9,28,52,139.22,13.45,8,0
low,9,29,45,166.30,13.92,5,0
low,9,29,46,155.71,6.49,5,0
low,9,29,47,156.24,6.24,21,1
low,9,29,48,152.39,8.30,56,1
low,9,29,49,150.99,6.76,70,1
low,9,29,50,147.61,6.38,69,1
low,9,29,51,144.87,6.56,61,1
low,9,29,52,139.83,6.69,35,1
low,9,29,53,132.80,6.72,15,1
low,9,30,47,162.51,15.57,6,0
low,9,30,49,149.16,7.48,33,1
low,9,30,50,148.42,6.16,57,1
low,9,30,51,144.98,6.22,77,1
low,9,30,52,144.09,6.08,58,1
low,9,30,53,140.23,5.98,41,1
low,9,30,54,136.19,7.23,33,1
low,9,30,55,134.95,7.80,13,0
low,9,30,56,130.02,4.72,5,0
low,9,31,50,151.45,7.00,15,1
low,9,31,51,147.18,7.21,50,1
low,9,31,52,144.85,6.17,65,1
low,9,31,53,141.77,5.93,60,1
low,9,31,54,138.54,6.28,42,1
low,9,31,55,138.72,5.76,35,1
low,9,31,56,134.26,5.41,21,1
low,9,31,57,129.93,6.70,19,1
low,9,32,51,146.18,2.63,6,0
low,9,32,52,145.93,5.84,25,1
low,9,32,53,144.28,6.74,38,1
low,9,32,54,142.03,6.64,58,1
low,9,32,55,139.24,6.91,66,1
low,9,32,56,137.95,7.25,51,1
low,9,32,57,133.09,5.49,45,1
low,9,32,58,127.88,7.06,14,0
low,9,32,59,128.23,16.99,8,0
low,9,33,53,149.86,6.04,7,0
low,9,33,54,143.87,9.86,30,1
low,9,33,55,140.30,6.34,49,1
low,9,33,56,138.28,5.52,76,1
low,9,33,57,135.10,6.83,165,1
low,9,33,58,130.83,6.81,128,1
low,9,33,59,126.82,7.22,56,1
low,9,34,56,144.93,12.25,11,0
low,9,34,57,138.89,6.77,61,1
low,9,34,58,133.57,7.32,129,1
low,9,34,59,128.21,6.26,288,1
low,9,35,58,132.56,7.59,27,1
low,9,35,59,129.27,6.61,294,1
low,10,1,3,288.17,21.20,8,0
low,10,1,4,268.95,14.62,18,1
low,10,1,5,256.34,10.24,47,1
low,10,1,6,246.72,13.27,80,1
low,10,1,7,240.59,10.07,112,1
low,10,1,8,231.21,10.96,98,1
low,10,1,9,225.60,11.42,68,1
low,10,1,10,216.67,10.50,41,1
low,10,1,11,211.07,8.33,20,1
low,10,1,12,209.59,11.83,12,0
low,10,2,6,261.53,11.08,13,0
low,10,2,7,247.61,14.93,31,1
low,10,2,8,241.65,11.18,64,1
low,10,2,9,236.03,9.93,85,1
low,10,2,10,227.77,10.61,64,1
low,10,2,11,220.33,9.10,49,1
low,10,2,12,214.40,11.61,30,1
low,10,2,13,208.78,6.06,13,0
low,10,2,14,205.27,5.72,5,0
low,10,3,8,254.33,11.66,16,1
low,10,3,9,242.02,12.34,45,1
low,10,3,10,236.42,11.54,62,1
low,10,3,11,227.87,10.88,99,1
low,10,3,12,223.45,9.35,63,1
low,10,3,13,214.56,9.02,52,1
low,10,3,14,213.93,11.51,22,1
low,10,3,15,203.41,9.07,14,0
low,10,3,16,196.67,7.70,7,0
low,10,3,17,201.64,11.96,6,0
low,10,4,8,253.02,24.24,7,0
low,10,4,10,243.56,15.91,14,0
low,10,4,11,235.53,15.02,41,1
low,10,4,12,227.99,7.44,59,1
low,10,4,13,221.42,9.26,83,1
low,10,4,14,216.58,8.32,56,1
low,10,4,15,210.96,8.93,49,1
low,10,4,16,207.57,11.59,23,1
low,10,4,17,198.20,4.47,11,0
low,10,4,18,195.35,14.70,7,0
low,10,5,11,256.22,21.34,11,0
low,10,5,12,235.82,8.07,20,1
low,10,5,13,231.39,11.36,52,1
low,10,5,14,225.18,11.46,86,1
low,10,5,15,217.73,11.65,76,1
low,10,5,16,211.72,10.00,58,1
low,10,5,17,206.20,8.72,41,1
low,10,5,18,202.14,8.24,16,1
low,10,5,19,195.97,6.43,11,0
low,10,6,13,243.52,9.86,11,0
low,10,6,14,232.71,11.77,27,1
low,10,6,15,223.31,10.22,53,1
low,10,6,16,218.94,10.50,70,1
low,10,6,17,215.00,9.15,55,1
low,10,6,18,204.03,7.39,49,1
low,10,6,19,204.04,9.75,32,1
low,10,6,20,197.62,10.48,18,1
low,10,6,21,192.98,6.81,10,0
low,10,7,15,230.72,7.42,12,0
low,10,7,16,221.03,13.27,27,1
low,10,7,17,220.91,10.41,50,1
low,10,7,18,214.65,9.53,69,1
low,10,7,19,207.11,8.25,57,1
low,10,7,20,202.51,11.20,43,1
low,10,7,21,196.55,9.36,35,1
low,10,7,22,192.26,4.64,13,0
low,10,7,23,190.65,5.14,6,0
low,10,8,16,235.48,12.51,7,0
low,10,8,17,225.57,11.60,24,1
low,10,8,18,222.04,8.15,37,1
low,10,8,19,214.59,7.70,64,1
low,10,8,20,208.10,10.30,60,1
low,10,8,21,200.73,8.37,49,1
low,10,8,22,197.13,6.79,39,1
low,10,8,23,193.18,7.11,23,1
low,10,8,24,187.67,8.26,17,1
low,10,8,25,181.16,13.10,7,0
low,10,9,17,240.56,5.55,5,0
low,10,9,18,234.17,9.07,10,0
low,10,9,19,217.75,7.63,21,1
low,10,9,20,214.99,7.41,41,1
low,10,9,21,210.35,8.50,50,1
low,10,9,22,205.03,9.08,69,1
low,10,9,23,198.94,7.95,55,1
low,10,9,24,196.18,8.51,30,1
low,10,9,25,191.80,8.86,19,1
low,10,9,26,186.99,8.66,17,1
low,10,9,27,182.93,16.83,5,0
low,10,10,19,220.71,14.88,6,0
low,10,10,20,219.64,10.99,6,0
low,10,10,21,216.28,10.35,31,1
low,10,10,22,211.15,8.24,41,1
low,10,10,23,204.30,10.03,54,1
low,10,10,24,200.56,8.25,58,1
low,10,10,25,194.74,7.51,42,1
low,10,10,26,190.19,7.05,37,1
low,10,10,27,188.95,6.37,14,0
low,10,10,28,182.89,8.59,10,0
low,10,11,22,214.80,7.54,12,0
low,10,11,23,206.63,8.77,29,1
low,10,11,24,205.58,7.95,47,1
low,10,11,25,201.91,8.97,53,1
low,10,11,26,196.78,9.75,47,1
low,10,11,27,190.97,8.46,49,1
low,10,11,28,184.58,7.69,19,1
low,10,11,29,181.51,7.74,15,1
low,10,12,23,211.92,14.91,6,0
low,10,12,24,208.37,11.96,15,1
low,10,12,25,205.70,12.52,32,1
low,10,12,26,202.33,8.80,55,1
low,10,12,27,195.58,8.46,47,1
low,10,12,28,189.17,6.89,45,1
low,10,12,29,187.42,7.26,30,1
low,10,12,30,185.62,7.78,24,1
low,10,12,31,179.35,7.53,17,1
low,10,12,32,179.09,6.76,9,0
low,10,12,33,171.92,11.45,5,0
low,10,13,24,217.59,14.62,6,0
low,10,13,25,211.56,6.22,7,0
low,10,13,26,204.10,9.01,20,1
low,10,13,27,201.98,9.54,31,1
low,10,13,28,197.81,9.06,39,1
low,10,13,29,194.15,7.18,51,1
low,10,13,30,186.52,7.43,49,1
low,10,13,31,184.37,8.94,37,1
low,10,13,32,178.04,6.01,15,1
low,10,13,33,179.45,9.86,16,1
low,10,13,34,167.21,12.53,6,0
low,10,14,27,209.69,8.85,7,0
low,10,14,28,201.69,6.94,19,1
low,10,14,29,197.34,7.97,38,1
low,10,14,30,194.95,8.86,59,1
low,10,14,31,191.42,7.87,48,1
low,10,14,32,181.82,8.48,49,1
low,10,14,33,180.65,7.11,48,1
low,10,14,34,172.84,7.94,14,0
low,10,15,28,207.95,10.11,5,0
low,10,15,29,205.32,9.84,18,1
low,10,15,30,196.77,9.06,25,1
low,10,15,31,194.93,7.31,29,1
low,10,15,32,190.59,10.20,55,1
low,10,15,33,184.46,8.55,85,1
low,10,15,34,174.23,7.62,33,1
low,10,15,35,171.72,8.54,18,1
low,10,16,30,193.65,10.82,5,0
low,10,16,31,194.26,9.76,20,1
low,10,16,32,196.47,8.39,25,1
low,10,16,33,187.06,8.13,91,1
low,10,16,34,180.73,7.70,89,1
low,10,16,35,173.93,8.19,31,1
low,10,16,36,168.23,7.22,12,0
low,10,17,32,195.19,8.67,7,0
low,10,17,33,192.32,8.10,36,1
low,10,17,34,186.08,8.26,97,1
low,10,17,35,175.98,7.80,58,1
low,10,17,36,171.77,8.21,39,1
low,10,17,37,158.19,7.55,7,0
low,10,18,33,194.63,9.34,13,0
low,10,18,34,189.09,8.55,51,1
low,10,18,35,182.58,8.00,88,1
low,10,18,36,174.61,7.93,61,1
low,10,18,37,168.54,8.62,35,1
low,10,18,38,167.03,6.57,8,0
low,10,19,33,188.90,14.93,5,0
low,10,19,34,187.34,9.00,18,1
low,10,19,35,185.42,7.50,47,1
low,10,19,36,177.74,7.66,88,1
low,10,19,37,172.23,7.30,56,1
low,10,19,38,165.59,7.19,19,1
low,10,19,39,155.47,5.63,6,0
low,10,20,35,183.41,10.47,19,1
low,10,20,36,179.95,6.60,53,1
low,10,20,37,175.86,8.04,74,1
low,10,20,38,168.32,6.18,42,1
low,10,20,39,164.89,8.35,22,1
low,10,20,40,158.20,7.05,11,0
low,10,21,35,192.96,6.57,8,0
low,10,21,36,182.60,11.77,19,1
low,10,21,37,177.60,7.89,54,1
low,10,21,38,172.10,9.53,68,1
low,10,21,39,167.36,8.73,56,1
low,10,21,40,162.86,6.39,16,1
low,10,21,41,154.07,6.01,5,0
low,10,22,37,180.57,8.33,33,1
low,10,22,38,175.70,7.84,68,1
low,10,22,39,169.79,7.63,65,1
low,10,22,40,163.84,7.07,27,1
low,10,22,41,159.57,8.81,26,1
low,10,22,42,151.82,8.90,7,0
low,10,23,37,182.75,12.28,6,0
low,10,23,38,179.57,9.08,37,1
low,10,23,39,173.40,10.58,55,1
low,10,23,40,167.25,8.35,61,1
low,10,23,41,162.10,6.26,43,1
low,10,23,42,154.64,5.39,15,1
low,10,24,38,175.09,9.03,10,0
low,10,24,39,175.01,8.12,32,1
low,10,24,40,169.28,7.24,66,1
low,10,24,41,165.96,7.49,60,1
low,10,24,42,160.98,7.10,41,1
low,10,24,43,154.90,11.32,19,1
low,10,24,44,152.14,5.03,7,0
low,10,25,39,176.78,7.62,18,1
low,10,25,40,172.30,7.66,59,1
low,10,25,41,167.31,8.01,104,1
low,10,25,42,163.35,7.33,118,1
low,10,25,43,159.65,8.26,77,1
low,10,25,44,154.46,7.07,38,1
low,10,25,45,153.32,7.64,16,1
low,10,25,46,147.45,10.15,5,0
low,10,26,41,176.72,6.78,21,1
low,10,26,42,166.25,8.64,61,1
low,10,26,43,164.53,7.36,87,1
low,10,26,44,158.66,7.07,112,1
low,10,26,45,157.10,7.09,66,1
low,10,26,46,149.68,6.28,32,1
low,10,26,47,145.62,6.13,9,0
low,10,26,48,140.76,8.43,8,0
low,10,27,41,191.04,17.83,5,0
low,10,27,42,168.61,7.72,15,1
low,10,27,43,163.84,8.66,32,1
low,10,27,44,161.86,8.03,69,1
low,10,27,45,158.45,6.68,95,1
low,10,27,46,155.81,7.52,108,1
low,10,27,47,150.21,6.65,47,1
low,10,27,48,145.42,6.55,23,1
low,10,27,49,146.12,9.48,11,0
low,10,27,50,149.33,11.78,5,0
low,10,28,43,170.32,8.12,6,0
low,10,28,44,166.19,8.52,10,0
low,10,28,45,162.18,7.88,39,1
low,10,28,46,158.29,6.64,86,1
low,10,28,47,153.20,7.25,99,1
low,10,28,48,150.47,6.06,69,1
low,10,28,49,147.14,6.39,49,1
low,10,28,50,144.42,8.12,20,1
low,10,28,51,140.79,7.79,10,0
low,10,29,46,159.44,5.86,14,0
low,10,29,47,155.64,6.93,42,1
low,10,29,48,153.53,6.71,59,1
low,10,29,49,150.82,6.73,93,1
low,10,29,50,147.53,6.98,55,1
low,10,29,51,145.01,7.62,38,1
low,10,29,52,140.90,5.64,20,1
low,10,29,53,130.08,9.12,7,0
low,10,30,47,156.71,5.09,10,0
low,10,30,48,153.63,10.12,27,1
low,10,30,49,154.05,7.17,52,1
low,10,30,50,149.73,7.67,74,1
low,10,30,51,148.59,6.60,62,1
low,10,30,52,144.74,6.23,51,1
low,10,30,53,139.94,6.67,43,1
low,10,30,54,139.43,5.49,18,1
low,10,30,55,135.77,5.45,9,0
low,10,30,56,135.98,8.90,6,0
low,10,31,50,152.24,7.91,47,1
low,10,31,51,148.80,7.09,53,1
low,10,31,52,145.89,7.21,81,1
low,10,31,53,141.86,5.94,59,1
low,10,31,54,139.76,6.14,44,1
low,10,31,55,138.52,9.45,23,1
low,10,31,56,134.03,5.74,23,1
low,10,31,57,132.91,4.43,12,0
low,10,32,50,152.66,6.31,6,0
low,10,32,51,148.71,5.30,13,0
low,10,32,52,147.77,6.77,22,1
low,10,32,53,146.35,6.95,61,1
low,10,32,54,141.92,5.63,88,1
low,10,32,55,139.12,6.63,54,1
low,10,32,56,137.12,7.73,44,1
low,10,32,57,133.54,7.81,35,1
low,10,32,58,128.38,8.49,10,0
low,10,33,52,150.23,8.59,10,0
low,10,33,53,147.78,8.42,19,1
low,10,33,54,142.51,7.95,58,1
low,10,33,55,141.24,6.82,78,1
low,10,33,56,139.54,6.45,98,1
low,10,33,57,136.32,5.66,185,1
low,10,33,58,132.40,6.21,92,1
low,10,33,59,128.56,9.40,37,1
low,10,34,55,143.80,10.52,9,0
low,10,34,56,138.74,4.20,15,1
low,10,34,57,138.86,8.02,103,1
low,10,34,58,135.34,5.49,162,1
low,10,34,59,128.45,6.11,214,1
low,10,35,57,148.42,11.46,5,0
low,10,35,58,135.95,6.95,37,1
low,10,35,59,129.45,6.31,321,1
low,11,1,3,264.24,21.42,11,0
low,11,1,4,265.92,12.25,51,1
low,11,1,5,255.97,11.10,83,1
low,11,1,6,248.61,10.10,122,1
low,11,1,7,240.07,10.46,111,1
low,11,1,8,232.60,8.42,77,1
low,11,1,9,226.34,10.83,46,1
low,11,1,10,217.46,11.23,16,1
low,11,1,11,207.52,10.48,8,0
low,11,2,4,274.46,39.89,5,0
low,11,2,5,265.46,18.47,11,0
low,11,2,6,261.26,10.63,36,1
low,11,2,7,251.11,11.47,73,1
low,11,2,8,241.55,10.64,73,1
low,11,2,9,237.21,8.68,69,1
low,11,2,10,227.26,10.54,47,1
low,11,2,11,222.00,18.85,30,1
low,11,2,12,215.67,9.00,14,0
low,11,3,6,274.16,10.58,5,0
low,11,3,7,260.29,16.08,21,1
low,11,3,8,252.21,13.06,40,1
low,11,3,9,245.22,11.50,65,1
low,11,3,10,238.57,12.13,85,1
low,11,3,11,229.99,9.86,68,1
low,11,3,12,222.79,9.70,48,1
low,11,3,13,219.55,10.99,20,1
low,11,3,14,205.04,9.73,15,1
low,11,4,8,241.06,15.77,7,0
low,11,4,9,251.09,10.97,22,1
low,11,4,10,243.90,11.71,45,1
low,11,4,11,236.70,12.54,72,1
low,11,4,12,232.63,10.27,71,1
low,11,4,13,223.02,9.24,65,1
low,11,4,14,216.25,6.88,50,1
low,11,4,15,208.38,8.69,25,1
low,11,4,16,204.61,10.87,8,0
low,11,4,17,197.63,10.68,7,0
low,11,5,10,259.82,14.94,8,0
low,11,5,11,245.43,15.59,33,1
low,11,5,12,241.31,11.80,44,1
low,11,5,13,230.85,10.12,62,1
low,11,5,14,223.96,9.76,76,1
low,11,5,15,217.63,9.43,57,1
low,11,5,16,213.98,9.71,31,1
low,11,5,17,207.09,8.35,14,0
low,11,5,18,198.67,10.89,8,0
low,11,6,11,258.18,13.16,5,0
low,11,6,12,254.73,7.55,13,0
low,11,6,13,239.49,10.10,34,1
low,11,6,14,233.16,10.71,70,1
low,11,6,15,225.79,9.52,68,1
low,11,6,16,219.83,8.81,71,1
low,11,6,17,212.84,10.34,52,1
low,11,6,18,207.00,9.60,31,1
low,11,6,19,200.97,9.51,12,0
low,11,6,20,193.59,4.75,5,0
low,11,7,13,251.48,9.75,5,0
low,11,7,14,237.27,11.81,17,1
low,11,7,15,231.40,15.41,26,1
low,11,7,16,226.03,9.87,51,1
low,11,7,17,219.25,9.98,69,1
low,11,7,18,213.83,7.75,69,1
low,11,7,19,207.50,8.66,37,1
low,11,7,20,201.07,10.37,27,1
low,11,7,21,203.26,14.00,9,0
low,11,7,22,190.99,7.05,9,0
low,11,7,23,180.69,5.12,5,0
low,11,8,14,252.13,15.59,5,0
low,11,8,15,238.96,13.29,11,0
low,11,8,16,234.29,13.05,15,1
low,11,8,17,228.06,10.20,49,1
low,11,8,18,222.99,9.77,62,1
low,11,8,19,217.00,8.43,72,1
low,11,8,20,210.67,10.35,68,1
low,11,8,21,203.97,7.53,30,1
low,11,8,22,200.82,10.86,19,1
low,11,8,23,194.84,8.21,15,1
low,11,8,24,192.34,22.34,8,0
low,11,9,17,231.61,12.04,8,0
low,11,9,18,224.61,8.53,25,1
low,11,9,19,222.42,8.50,39,1
low,11,9,20,214.68,10.08,74,1
low,11,9,21,212.15,9.14,60,1
low,11,9,22,202.74,9.55,51,1
low,11,9,23,197.86,8.80,37,1
low,11,9,24,189.10,5.24,13,0
low,11,9,25,189.38,5.84,11,0
low,11,10,18,232.98,14.42,7,0
low,11,10,19,226.61,10.93,10,0
low,11,10,20,225.66,10.20,26,1
low,11,10,21,217.60,8.83,41,1
low,11,10,22,210.74,9.06,64,1
low,11,10,23,205.23,7.94,63,1
low,11,10,24,198.94,8.45,64,1
low,11,10,25,193.05,8.05,33,1
low,11,10,26,191.42,6.70,14,0
low,11,10,27,188.31,13.18,10,0
low,11,11,20,233.45,10.16,10,0
low,11,11,21,220.08,12.08,20,1
low,11,11,22,216.76,12.23,34,1
low,11,11,23,212.85,7.76,63,1
low,11,11,24,206.28,9.60,73,1
low,11,11,25,200.22,9.10,72,1
low,11,11,26,197.59,7.62,33,1
low,11,11,27,193.70,8.57,21,1
low,11,11,28,185.93,8.11,13,0
low,11,11,29,188.18,13.93,8,0
low,11,12,22,237.24,7.52,6,0
low,11,12,23,217.06,8.28,19,1
low,11,12,24,210.42,10.36,24,1
low,11,12,25,206.43,9.92,46,1
low,11,12,26,201.93,8.81,53,1
low,11,12,27,196.51,9.54,54,1
low,11,12,28,192.17,8.73,32,1
low,11,12,29,189.33,7.20,27,1
low,11,12,30,184.26,10.44,15,1
low,11,12,32,173.17,6.36,5,0
low,11,13,24,216.96,12.56,9,0
low,11,13,25,213.51,11.07,22,1
low,11,13,26,207.36,8.79,47,1
low,11,13,27,200.80,9.59,50,1
low,11,13,28,196.42,6.83,41,1
low,11,13,29,192.93,9.26,52,1
low,11,13,30,188.25,5.93,32,1
low,11,13,31,183.63,6.46,19,1
low,11,13,32,183.91,12.34,10,0
low,11,13,33,177.61,20.81,7,0
low,11,14,26,209.97,15.10,8,0
low,11,14,27,211.03,8.61,21,1
low,11,14,28,202.46,6.87,44,1
low,11,14,29,198.78,7.07,47,1
low,11,14,30,193.56,9.51,46,1
low,11,14,31,188.98,8.34,38,1
low,11,14,32,186.95,10.34,23,1
low,11,14,33,180.64,9.07,22,1
low,11,14,34,175.93,9.69,6,0
low,11,15,28,210.84,13.31,18,1
low,11,15,29,202.26,9.80,23,1
low,11,15,30,199.53,7.19,43,1
low,11,15,31,192.62,7.18,52,1
low,11,15,32,190.77,7.99,39,1
low,11,15,33,184.66,8.49,51,1
low,11,15,34,177.60,7.12,19,1
low,11,15,35,174.40,10.52,9,0
low,11,16,29,214.13,9.06,6,0
low,11,16,30,201.02,11.15,19,1
low,11,16,31,198.33,8.50,42,1
low,11,16,32,193.84,6.51,42,1
low,11,16,33,189.79,8.91,105,1
low,11,16,34,181.60,8.17,54,1
low,11,16,35,175.18,10.92,18,1
low,11,16,36,167.28,4.03,5,0
low,11,17,30,218.69,12.52,6,0
low,11,17,31,205.11,8.46,8,0
low,11,17,32,201.46,8.44,17,1
low,11,17,33,194.69,8.87,75,1
low,11,17,34,185.01,8.40,78,1
low,11,17,35,179.21,8.41,49,1
low,11,17,36,174.93,7.14,18,1
low,11,17,37,168.89,7.89,7,0
low,11,18,32,205.13,14.79,5,0
low,11,18,33,193.10,10.39,24,1
low,11,18,34,188.34,8.52,74,1
low,11,18,35,181.57,8.36,79,1
low,11,18,36,176.79,6.94,43,1
low,11,18,37,172.39,11.14,18,1
low,11,19,33,198.50,11.68,9,0
low,11,19,34,191.24,9.39,40,1
low,11,19,35,185.72,9.07,85,1
low,11,19,36,177.55,7.66,84,1
low,11,19,37,170.76,9.43,30,1
low,11,19,38,168.36,12.21,19,1
low,11,19,39,161.24,7.82,9,0
low,11,20,34,196.41,10.49,20,1
low,11,20,35,189.23,10.20,42,1
low,11,20,36,181.12,7.77,94,1
low,11,20,37,176.52,8.00,62,1
low,11,20,38,169.53,7.14,48,1
low,11,20,39,169.44,21.52,14,0
low,11,21,34,200.85,9.66,5,0
low,11,21,35,187.90,9.64,15,1
low,11,21,36,185.86,8.67,57,1
low,11,21,37,178.08,8.46,76,1
low,11,21,38,172.40,7.70,69,1
low,11,21,39,166.43,8.31,27,1
low,11,21,40,160.71,8.09,15,1
low,11,22,36,189.00,9.62,14,0
low,11,22,37,182.75,8.31,65,1
low,11,22,38,174.36,7.43,71,1
low,11,22,39,170.88,7.38,65,1
low,11,22,40,165.92,7.01,21,1
low,11,22,41,156.77,4.35,8,0
low,11,22,42,154.76,6.06,6,0
low,11,23,36,187.24,7.73,6,0
low,11,23,37,187.62,10.34,13,0
low,11,23,38,178.50,8.07,46,1
low,11,23,39,173.31,7.33,71,1
low,11,23,40,167.96,8.59,49,1
low,11,23,41,161.62,7.20,26,1
low,11,23,42,154.56,9.19,9,0
low,11,23,43,150.74,11.78,7,0
low,11,24,38,179.03,10.44,12,0
low,11,24,39,175.95,6.91,50,1
low,11,24,40,170.88,7.10,63,1
low,11,24,41,165.50,6.43,45,1
low,11,24,42,156.85,7.29,22,1
low,11,24,43,155.84,6.68,5,0
low,11,25,38,183.61,13.05,12,0
low,11,25,39,178.18,8.76,39,1
low,11,25,40,173.78,7.76,79,1
low,11,25,41,168.40,7.63,103,1
low,11,25,42,163.15,7.96,83,1
low,11,25,43,158.95,7.00,71,1
low,11,25,44,157.61,7.31,17,1
low,11,25,45,154.54,16.67,8,0
low,11,25,46,149.88,7.20,5,0
low,11,26,40,167.98,4.24,7,0
low,11,26,41,175.06,7.21,42,1
low,11,26,42,168.94,7.48,99,1
low,11,26,43,162.36,6.34,119,1
low,11,26,44,159.12,7.24,72,1
low,11,26,45,157.87,8.55,51,1
low,11,26,46,153.99,16.12,18,1
low,11,26,47,156.21,5.88,6,0
low,11,27,41,172.61,13.08,5,0
low,11,27,42,187.87,74.35,19,1
low,11,27,43,167.18,8.40,47,1
low,11,27,44,163.93,8.05,88,1
low,11,27,45,158.08,7.04,104,1
low,11,27,46,156.27,7.78,67,1
low,11,27,47,152.08,8.64,32,1
low,11,27,48,149.18,9.20,21,1
low,11,27,49,140.57,5.42,7,0
low,11,28,44,168.27,8.26,26,1
low,11,28,45,161.59,7.29,50,1
low,11,28,46,159.02,6.43,85,1
low,11,28,47,155.90,7.03,91,1
low,11,28,48,150.39,6.68,78,1
low,11,28,49,149.13,11.52,31,1
low,11,28,50,143.42,6.57,15,1
low,11,29,45,171.22,9.64,9,0
low,11,29,46,161.52,10.69,36,1
low,11,29,47,158.82,6.69,58,1
low,11,29,48,155.82,6.09,86,1
low,11,29,49,151.02,6.55,75,1
low,11,29,50,148.34,7.76,68,1
low,11,29,51,142.32,8.13,26,1
low,11,29,52,138.14,8.13,9,0
low,11,30,46,159.28,7.85,5,0
low,11,30,47,159.28,6.91,17,1
low,11,30,48,157.81,6.65,35,1
low,11,30,49,154.06,7.92,66,1
low,11,30,50,148.77,7.15,75,1
low,11,30,51,145.89,6.98,67,1
low,11,30,52,144.27,6.71,45,1
low,11,30,53,136.07,9.11,20,1
low,11,30,54,137.79,5.36,18,1
low,11,30,55,138.64,7.24,6,0
low,11,31,48,159.23,17.82,6,0
low,11,31,49,156.59,6.91,19,1
low,11,31,50,155.29,6.24,48,1
low,11,31,51,148.17,6.39,69,1
low,11,31,52,146.15,7.63,68,1
low,11,31,53,144.32,6.55,56,1
low,11,31,54,141.35,6.80,33,1
low,11,31,55,131.91,8.56,11,0
low,11,31,56,130.86,9.71,5,0
low,11,31,57,137.18,14.85,6,0
low,11,32,50,155.39,12.44,22,1
low,11,32,51,150.96,6.72,32,1
low,11,32,52,149.14,5.82,54,1
low,11,32,53,146.83,6.61,51,1
low,11,32,54,142.83,6.15,58,1
low,11,32,55,138.81,7.28,45,1
low,11,32,56,134.01,7.54,26,1
low,11,32,57,134.87,6.73,23,1
low,11,33,52,149.82,11.02,14,0
low,11,33,53,147.19,5.62,37,1
low,11,33,54,145.98,7.24,62,1
low,11,33,55,143.26,5.75,109,1
low,11,33,56,141.30,5.87,107,1
low,11,33,57,137.12,6.40,171,1
low,11,33,58,132.47,7.53,67,1
low,11,33,59,130.63,7.48,29,1
low,11,34,55,142.83,7.90,18,1
low,11,34,56,145.30,8.26,31,1
low,11,34,57,139.53,7.47,142,1
low,11,34,58,135.20,6.17,167,1
low,11,34,59,130.10,6.42,173,1
low,11,35,57,139.13,7.76,18,1
low,11,35,58,136.54,8.21,73,1
low,11,35,59,130.82,6.48,415,1
low,12,1,2,279.17,9.36,17,1
low,12,1,3,275.31,14.88,49,1
low,12,1,4,267.31,14.37,105,1
low,12,1,5,256.04,11.60,108,1
low,12,1,6,249.16,11.89,131,1
low,12,1,7,239.26,10.34,81,1
low,12,1,8,231.40,8.67,33,1
low,12,1,9,223.09,8.89,11,0
low,12,1,10,219.20,15.28,6,0
low,12,1,11,202.83,10.34,5,0
low,12,2,4,283.55,27.91,10,0
low,12,2,5,270.77,12.46,33,1
low,12,2,6,258.40,12.13,72,1
low,12,2,7,251.85,11.06,104,1
low,12,2,8,241.90,11.18,94,1
low,12,2,9,238.13,10.60,61,1
low,12,2,10,226.77,19.89,41,1
low,12,2,11,224.25,11.38,12,0
low,12,2,12,214.82,10.05,7,0
low,12,3,5,291.14,6.80,7,0
low,12,3,6,271.98,12.74,18,1
low,12,3,7,259.27,12.57,57,1
low,12,3,8,251.47,11.88,75,1
low,12,3,9,244.00,9.73,97,1
low,12,3,10,235.45,9.55,80,1
low,12,3,11,227.45,11.27,52,1
low,12,3,12,227.51,19.26,27,1
low,12,3,13,217.38,10.91,6,0
low,12,4,7,277.68,21.94,8,0
low,12,4,8,262.32,14.32,23,1
low,12,4,9,255.17,11.36,60,1
low,12,4,10,246.95,12.35,64,1
low,12,4,11,235.14,9.19,83,1
low,12,4,12,230.55,9.24,80,1
low,12,4,13,222.62,8.93,46,1
low,12,4,14,213.79,8.42,25,1
low,12,4,15,225.23,20.13,8,0
low,12,4,16,218.54,26.36,6,0
low,12,5,9,266.97,9.23,11,0
low,12,5,10,252.36,13.13,26,1
low,12,5,11,243.82,10.27,62,1
low,12,5,12,238.93,8.58,78,1
low,12,5,13,231.02,11.55,72,1
low,12,5,14,226.32,10.31,52,1
low,12,5,15,216.95,9.41,39,1
low,12,5,16,213.18,9.34,12,0
low,12,5,17,212.23,7.57,11,0
low,12,6,11,251.57,17.63,10,0
low,12,6,12,243.82,11.85,31,1
low,12,6,13,240.08,10.54,71,1
low,12,6,14,230.93,10.43,76,1
low,12,6,15,226.37,9.82,76,1
low,12,6,16,221.42,8.54,42,1
low,12,6,17,214.24,10.88,31,1
low,12,6,18,207.60,6.86,15,1
low,12,6,19,196.69,5.84,5,0
low,12,7,13,250.10,12.22,21,1
low,12,7,14,240.40,13.46,40,1
low,12,7,15,237.52,8.63,64,1
low,12,7,16,225.61,9.03,79,1
low,12,7,17,221.43,11.22,76,1
low,12,7,18,212.44,9.23,50,1
low,12,7,19,205.04,12.77,17,1
low,12,7,20,201.45,6.00,11,0
low,12,7,21,196.24,6.74,6,0
low,12,8,15,240.16,15.15,21,1
low,12,8,16,233.10,10.96,27,1
low,12,8,17,228.09,9.86,62,1
low,12,8,18,223.60,10.33,65,1
low,12,8,19,214.96,7.33,58,1
low,12,8,20,209.13,8.19,36,1
low,12,8,21,202.41,10.06,11,0
low,12,8,22,199.09,11.60,9,0
low,12,9,16,240.60,11.47,11,0
low,12,9,17,233.44,11.72,19,1
low,12,9,18,228.25,9.43,43,1
low,12,9,19,221.77,9.11,59,1
low,12,9,20,216.20,8.86,62,1
low,12,9,21,209.64,9.74,55,1
low,12,9,22,204.90,7.48,39,1
low,12,9,23,200.76,9.58,18,1
low,12,9,24,199.53,8.56,6,0
low,12,10,18,230.67,17.67,17,1
low,12,10,19,228.66,12.98,33,1
low,12,10,20,222.66,11.95,54,1
low,12,10,21,218.09,11.04,77,1
low,12,10,22,207.70,8.96,58,1
low,12,10,23,206.56,10.76,53,1
low,12,10,24,200.56,10.07,35,1
low,12,10,25,199.71,8.01,10,0
low,12,10,26,188.85,6.96,8,0
low,12,11,19,236.49,17.63,5,0
low,12,11,20,223.33,9.33,17,1
low,12,11,21,223.07,11.38,34,1
low,12,11,22,218.89,9.42,57,1
low,12,11,23,211.72,9.10,69,1
low,12,11,24,206.28,9.14,54,1
low,12,11,25,200.21,11.16,56,1
low,12,11,26,196.04,8.18,25,1
low,12,11,27,191.41,10.54,12,0
low,12,12,21,224.44,14.01,10,0
low,12,12,22,222.39,12.01,23,1
low,12,12,23,218.06,10.00,34,1
low,12,12,24,213.81,10.88,65,1
low,12,12,25,206.18,9.58,65,1
low,12,12,26,200.63,8.71,68,1
low,12,12,27,195.79,13.54,34,1
low,12,12,28,193.52,8.08,19,1
low,12,12,29,180.27,3.80,8,0
low,12,12,30,184.86,12.52,11,0
low,12,13,23,223.92,9.50,6,0
low,12,13,24,219.30,10.01,28,1
low,12,13,25,215.26,8.82,42,1
low,12,13,26,208.40,9.15,61,1
low,12,13,27,204.21,9.59,62,1
low,12,13,28,198.99,8.77,49,1
low,12,13,29,193.98,6.36,31,1
low,12,13,30,187.26,10.04,14,0
low,12,13,31,184.55,5.67,10,0
low,12,13,32,186.03,11.59,7,0
low,12,13,33,179.92,12.96,5,0
low,12,14,24,221.19,10.93,6,0
low,12,14,25,214.49,8.13,7,0
low,12,14,26,214.16,8.35,34,1
low,12,14,27,208.71,8.21,48,1
low,12,14,28,204.67,9.21,60,1
low,12,14,29,198.87,8.32,67,1
low,12,14,30,191.90,7.76,42,1
low,12,14,31,187.25,8.60,29,1
low,12,14,32,186.37,9.03,18,1
low,12,14,33,184.93,8.33,13,0
low,12,15,26,223.54,16.91,12,0
low,12,15,27,214.90,11.15,16,1
low,12,15,28,209.46,9.50,34,1
low,12,15,29,201.98,9.08,39,1
low,12,15,30,198.50,8.84,54,1
low,12,15,31,195.43,7.70,40,1
low,12,15,32,189.15,8.13,40,1
low,12,15,33,185.94,8.37,45,1
low,12,15,34,180.33,14.01,17,1
low,12,16,27,212.90,18.66,9,0
low,12,16,28,216.68,6.38,10,0
low,12,16,29,206.81,7.17,17,1
low,12,16,30,205.94,8.45,30,1
low,12,16,31,199.36,9.37,45,1
low,12,16,32,196.55,9.58,51,1
low,12,16,33,189.46,7.29,83,1
low,12,16,34,180.13,9.72,30,1
low,12,16,35,175.57,7.63,13,0
low,12,17,30,210.32,8.36,11,0
low,12,17,31,200.74,9.08,16,1
low,12,17,32,199.20,8.35,38,1
low,12,17,33,193.56,9.29,97,1
low,12,17,34,187.40,7.92,66,1
low,12,17,35,178.94,8.53,27,1
low,12,18,31,206.69,8.09,5,0
low,12,18,32,209.56,10.13,9,0
low,12,18,33,197.17,8.64,82,1
low,12,18,34,188.95,7.96,90,1
low,12,18,35,184.24,9.32,57,1
low,12,18,36,177.44,7.83,19,1
low,12,18,37,175.96,14.13,5,0
low,12,19,33,203.03,9.86,30,1
low,12,19,34,194.93,9.33,63,1
low,12,19,35,187.49,7.65,104,1
low,12,19,36,177.82,7.76,64,1
low,12,19,37,170.28,7.07,20,1
low,12,19,38,166.96,6.16,7,0
low,12,20,34,193.66,11.25,22,1
low,12,20,35,191.67,8.87,79,1
low,12,20,36,184.23,8.17,88,1
low,12,20,37,177.06,6.20,51,1
low,12,20,38,169.27,9.27,20,1
low,12,21,35,192.02,10.02,25,1
low,12,21,36,186.14,7.87,78,1
low,12,21,37,180.87,8.54,80,1
low,12,21,38,174.05,6.61,45,1
low,12,21,39,163.03,11.12,17,1
low,12,21,40,194.76,59.67,5,0
low,12,22,35,197.80,5.05,9,0
low,12,22,36,190.59,7.70,35,1
low,12,22,37,181.67,7.66,67,1
low,12,22,38,176.57,7.38,74,1
low,12,22,39,172.76,8.11,35,1
low,12,22,40,165.73,8.42,23,1
low,12,22,41,165.48,20.15,5,0
low,12,23,36,202.70,11.59,12,0
low,12,23,37,185.36,8.72,46,1
low,12,23,38,179.36,9.35,88,1
low,12,23,39,172.03,8.17,61,1
low,12,23,40,170.24,6.88,40,1
low,12,23,41,165.45,7.70,10,0
low,12,24,37,184.17,12.35,16,1
low,12,24,38,182.67,10.08,43,1
low,12,24,39,175.27,7.47,73,1
low,12,24,40,171.46,8.24,57,1
low,12,24,41,162.27,6.08,25,1
low,12,24,42,163.66,5.00,11,0
low,12,25,38,189.97,7.64,19,1
low,12,25,39,181.36,7.57,57,1
low,12,25,40,175.78,7.91,109,1
low,12,25,41,169.23,7.51,123,1
low,12,25,42,164.02,6.66,87,1
low,12,25,43,159.82,7.31,37,1
low,12,25,44,153.81,6.33,13,0
low,12,25,45,155.70,14.27,7,0
low,12,26,40,178.54,8.89,28,1
low,12,26,41,175.36,7.74,81,1
low,12,26,42,170.49,8.56,95,1
low,12,26,43,164.58,8.58,95,1
low,12,26,44,159.04,7.32,76,1
low,12,26,45,154.12,7.07,26,1
low,12,26,46,154.85,11.14,12,0
low,12,27,41,177.45,10.62,12,0
low,12,27,42,174.34,8.60,34,1
low,12,27,43,168.75,6.62,88,1
low,12,27,44,164.28,6.98,107,1
low,12,27,45,158.97,7.21,83,1
low,12,27,46,154.77,6.96,60,1
low,12,27,47,153.00,6.75,23,1
low,12,27,48,148.90,7.20,13,0
low,12,28,43,172.71,7.44,16,1
low,12,28,44,170.62,6.89,30,1
low,12,28,45,163.47,6.91,98,1
low,12,28,46,159.76,7.07,95,1
low,12,28,47,155.44,6.76,83,1
low,12,28,48,149.08,6.25,43,1
low,12,28,49,148.12,7.79,21,1
low,12,28,50,142.93,9.65,11,0
low,12,29,45,169.07,7.95,30,1
low,12,29,46,164.23,8.40,41,1
low,12,29,47,158.37,7.60,86,1
low,12,29,48,155.90,5.30,73,1
low,12,29,49,151.25,6.73,60,1
low,12,29,50,148.36,6.54,32,1
low,12,29,51,145.23,6.35,19,1
low,12,29,52,137.28,12.05,8,0
low,12,30,46,168.56,11.21,9,0
low,12,30,47,165.39,8.73,28,1
low,12,30,48,157.97,7.66,65,1
low,12,30,49,154.94,7.11,87,1
low,12,30,50,150.89,7.35,73,1
low,12,30,51,147.08,8.16,46,1
low,12,30,52,144.77,7.09,25,1
low,12,30,53,141.08,5.44,11,0
low,12,30,54,132.77,8.72,8,0
low,12,30,55,136.85,9.34,5,0
low,12,31,48,160.63,12.13,10,0
low,12,31,49,158.18,7.25,39,1
low,12,31,50,151.20,6.80,53,1
low,12,31,51,149.54,7.82,84,1
low,12,31,52,146.70,6.33,63,1
low,12,31,53,143.37,7.42,32,1
low,12,31,54,140.86,7.86,25,1
low,12,31,55,142.11,7.28,14,0
low,12,31,56,133.45,8.98,8,0
low,12,32,50,156.30,9.53,17,1
low,12,32,51,150.97,6.97,34,1
low,12,32,52,148.44,5.63,71,1
low,12,32,53,145.04,4.90,68,1
low,12,32,54,143.49,6.33,62,1
low,12,32,55,140.76,7.11,32,1
low,12,32,56,138.35,6.28,14,0
low,12,32,57,132.34,12.61,16,1
low,12,33,51,153.60,5.86,9,0
low,12,33,52,155.30,6.38,27,1
low,12,33,53,147.88,6.54,58,1
low,12,33,54,146.96,6.49,103,1
low,12,33,55,144.51,8.80,103,1
low,12,33,56,141.27,7.05,113,1
low,12,33,57,137.11,6.42,118,1
low,12,33,58,133.35,6.04,41,1
low,12,33,59,126.95,5.49,10,0
low,12,34,54,147.66,4.36,5,0
low,12,34,55,147.92,7.10,23,1
low,12,34,56,144.95,6.84,37,1
low,12,34,57,140.56,6.12,174,1
low,12,34,58,136.75,6.18,178,1
low,12,34,59,130.94,6.74,135,1
low,12,35,57,139.85,9.95,29,1
low,12,35,58,138.00,6.62,99,1
low,12,35,59,131.36,6.41,469,1
low,13,1,1,308.68,12.48,13,0
low,13,1,2,289.84,15.41,54,1
low,13,1,3,276.64,15.01,80,1
low,13,1,4,267.62,13.33,125,1
low,13,1,5,256.98,10.60,107,1
low,13,1,6,248.16,11.15,82,1
low,13,1,7,243.12,10.75,35,1
low,13,1,8,233.51,9.49,20,1
low,13,1,9,217.24,6.59,5,0
low,13,2,3,285.49,13.64,5,0
low,13,2,4,284.31,12.96,38,1
low,13,2,5,270.30,14.59,79,1
low,13,2,6,260.18,11.21,107,1
low,13,2,7,249.77,11.34,89,1
low,13,2,8,243.10,12.25,49,1
low,13,2,9,234.71,8.66,29,1
low,13,2,10,222.54,11.02,8,0
low,13,3,4,295.00,20.34,7,0
low,13,3,5,279.65,13.81,18,1
low,13,3,6,273.12,16.45,42,1
low,13,3,7,260.76,11.74,88,1
low,13,3,8,252.97,10.19,97,1
low,13,3,9,242.05,10.82,68,1
low,13,3,10,234.72,9.25,57,1
low,13,3,11,227.60,12.87,20,1
low,13,3,12,220.72,12.52,8,0
low,13,4,6,283.51,11.84,5,0
low,13,4,7,270.68,16.95,18,1
low,13,4,8,262.44,13.88,49,1
low,13,4,9,254.84,10.93,82,1
low,13,4,10,245.11,9.01,78,1
low,13,4,11,236.04,9.88,64,1
low,13,4,12,229.36,10.91,32,1
low,13,4,13,225.99,6.81,15,1
low,13,4,14,221.39,15.03,8,0
low,13,5,8,276.36,13.01,12,0
low,13,5,9,265.38,11.87,36,1
low,13,5,10,255.39,12.00,59,1
low,13,5,11,245.33,12.34,94,1
low,13,5,12,239.99,10.44,68,1
low,13,5,13,232.08,9.14,55,1
low,13,5,14,223.81,9.14,30,1
low,13,5,15,216.85,8.10,8,0
low,13,6,10,276.10,11.58,11,0
low,13,6,11,252.85,12.64,29,1
low,13,6,12,246.14,11.17,63,1
low,13,6,13,239.83,10.89,73,1
low,13,6,14,231.72,10.19,81,1
low,13,6,15,227.15,8.82,46,1
low,13,6,16,220.17,9.05,28,1
low,13,6,17,215.54,8.54,8,0
low,13,7,11,267.88,17.70,8,0
low,13,7,12,256.03,11.16,17,1
low,13,7,13,249.54,8.63,39,1
low,13,7,14,240.68,9.11,75,1
low,13,7,15,232.64,10.73,101,1
low,13,7,16,228.47,10.15,72,1
low,13,7,17,217.78,11.09,47,1
low,13,7,18,212.97,9.67,27,1
low,13,7,19,209.35,6.43,6,0
low,13,8,13,254.23,11.53,9,0
low,13,8,14,244.54,12.85,19,1
low,13,8,15,238.31,13.23,46,1
low,13,8,16,234.67,11.65,86,1
low,13,8,17,225.77,13.86,74,1
low,13,8,18,221.46,10.00,64,1
low,13,8,19,216.45,8.14,49,1
low,13,8,20,212.23,15.85,18,1
low,13,8,21,201.31,8.31,14,0
low,13,8,22,203.46,11.86,6,0
low,13,9,16,244.33,14.16,23,1
low,13,9,17,234.96,9.45,54,1
low,13,9,18,229.02,10.14,74,1
low,13,9,19,223.83,9.53,70,1
low,13,9,20,213.56,8.92,53,1
low,13,9,21,210.58,11.04,36,1
low,13,9,22,203.91,8.39,22,1
low,13,9,23,201.51,5.85,8,0
low,13,10,16,240.91,14.66,9,0
low,13,10,18,237.25,11.59,30,1
low,13,10,19,230.27,10.31,60,1
low,13,10,20,222.32,10.78,87,1
low,13,10,21,218.74,9.81,75,1
low,13,10,22,208.53,8.53,34,1
low,13,10,23,208.10,9.23,29,1
low,13,10,24,206.52,6.91,9,0
low,13,11,18,243.15,10.89,5,0
low,13,11,19,240.30,13.54,21,1
low,13,11,20,229.07,10.66,31,1
low,13,11,21,225.37,8.83,42,1
low,13,11,22,219.54,11.84,58,1
low,13,11,23,212.31,8.57,56,1
low,13,11,24,210.79,9.72,41,1
low,13,11,25,200.60,6.52,23,1
low,13,11,26,197.11,10.44,9,0
low,13,12,21,231.30,9.76,24,1
low,13,12,22,222.35,10.05,47,1
low,13,12,23,218.34,8.62,68,1
low,13,12,24,213.76,7.83,68,1
low,13,12,25,206.33,8.94,59,1
low,13,12,26,199.65,8.57,39,1
low,13,12,27,198.02,7.78,15,1
low,13,12,28,195.36,17.98,8,0
low,13,13,22,224.30,6.35,8,0
low,13,13,23,224.28,8.93,22,1
low,13,13,24,220.54,10.05,54,1
low,13,13,25,214.24,9.18,56,1
low,13,13,26,209.53,9.86,64,1
low,13,13,27,203.66,8.57,51,1
low,13,13,28,196.76,8.69,22,1
low,13,13,29,197.14,13.26,21,1
low,13,13,30,189.97,11.75,9,0
low,13,13,31,187.64,5.63,6,0
low,13,14,22,232.18,22.01,5,0
low,13,14,24,228.56,11.44,5,0
low,13,14,25,216.00,9.27,32,1
low,13,14,26,215.30,9.00,56,1
low,13,14,27,210.92,9.86,50,1
low,13,14,28,204.86,8.83,66,1
low,13,14,29,199.47,6.75,39,1
low,13,14,30,194.15,7.89,19,1
low,13,14,31,193.78,6.89,11,0
low,13,14,32,187.26,6.79,8,0
low,13,14,33,182.21,13.11,6,0
low,13,15,26,222.00,7.16,16,1
low,13,15,27,212.43,11.56,37,1
low,13,15,28,206.70,8.52,52,1
low,13,15,29,203.22,6.78,39,1
low,13,15,30,197.05,9.89,51,1
low,13,15,31,193.32,7.48,34,1
low,13,15,32,201.48,40.09,26,1
low,13,15,33,184.03,13.40,24,1
low,13,15,34,179.64,11.97,9,0
low,13,16,27,222.70,13.46,8,0
low,13,16,28,212.35,10.60,32,1
low,13,16,29,210.72,10.59,46,1
low,13,16,30,204.47,9.11,44,1
low,13,16,31,201.31,9.48,71,1
low,13,16,32,194.85,9.57,43,1
low,13,16,33,189.04,7.95,62,1
low,13,16,34,184.75,11.56,22,1
low,13,16,35,174.88,12.64,5,0
low,13,17,29,212.69,8.25,16,1
low,13,17,30,210.39,10.75,21,1
low,13,17,31,205.41,8.79,45,1
low,13,17,32,200.92,9.99,51,1
low,13,17,33,194.74,8.42,103,1
low,13,17,34,185.25,8.28,57,1
low,13,17,35,175.49,8.37,18,1
low,13,18,31,206.82,9.45,17,1
low,13,18,32,206.53,6.40,26,1
low,13,18,33,200.20,8.59,96,1
low,13,18,34,190.60,9.16,94,1
low,13,18,35,182.85,7.12,38,1
low,13,18,36,172.96,5.21,12,0
low,13,19,32,208.47,1.95,5,0
low,13,19,33,204.72,9.07,37,1
low,13,19,34,195.16,10.13,98,1
low,13,19,35,186.15,8.58,93,1
low,13,19,36,179.37,8.88,37,1
low,13,19,37,177.37,16.87,17,1
low,13,20,33,212.08,9.89,12,0
low,13,20,34,199.28,8.18,49,1
low,13,20,35,191.13,9.00,95,1
low,13,20,36,181.74,8.80,81,1
low,13,20,37,178.49,10.43,33,1
low,13,20,38,168.27,4.85,13,0
low,13,21,34,201.73,8.03,15,1
low,13,21,35,193.94,11.07,57,1
low,13,21,36,185.23,7.82,84,1
low,13,21,37,179.80,8.06,67,1
low,13,21,38,172.03,6.82,21,1
low,13,21,39,174.12,4.83,5,0
low,13,22,35,198.74,8.65,13,0
low,13,22,36,191.41,9.49,62,1
low,13,22,37,183.85,7.87,99,1
low,13,22,38,173.64,7.66,49,1
low,13,22,39,168.58,10.20,26,1
low,13,22,40,159.55,8.30,6,0
low,13,23,35,205.39,17.29,5,0
low,13,23,36,193.19,10.64,22,1
low,13,23,37,189.38,9.84,64,1
low,13,23,38,181.26,7.28,79,1
low,13,23,39,173.55,7.30,50,1
low,13,23,40,168.55,6.24,16,1
low,13,23,41,164.92,3.69,7,0
low,13,24,36,194.20,12.65,12,0
low,13,24,37,191.98,6.41,28,1
low,13,24,38,183.27,7.87,85,1
low,13,24,39,176.64,7.46,78,1
low,13,24,40,170.93,8.08,39,1
low,13,24,41,165.11,6.90,27,1
low,13,24,42,157.14,4.80,6,0
low,13,25,37,197.26,17.40,14,0
low,13,25,38,186.76,8.31,44,1
low,13,25,39,180.81,8.03,112,1
low,13,25,40,174.68,8.44,129,1
low,13,25,41,169.85,6.93,106,1
low,13,25,42,166.33,7.09,47,1
low,13,25,43,160.35,7.54,15,1
low,13,25,44,151.86,13.38,5,0
low,13,26,39,188.39,11.43,11,0
low,13,26,40,179.88,8.15,52,1
low,13,26,41,175.53,7.98,113,1
low,13,26,42,169.97,7.29,137,1
low,13,26,43,165.08,8.02,94,1
low,13,26,44,161.05,8.00,44,1
low,13,26,45,153.75,9.28,25,1
low,13,26,46,149.25,9.93,6,0
low,13,27,41,179.59,10.38,19,1
low,13,27,42,173.27,7.33,65,1
low,13,27,43,169.79,7.79,108,1
low,13,27,44,167.33,8.00,96,1
low,13,27,45,158.79,7.06,59,1
low,13,27,46,158.11,9.47,35,1
low,13,27,47,149.98,5.50,15,1
low,13,27,48,152.64,6.42,9,0
low,13,28,42,181.55,17.84,11,0
low,13,28,43,172.21,9.88,26,1
low,13,28,44,170.30,8.05,69,1
low,13,28,45,164.60,7.52,125,1
low,13,28,46,159.26,6.47,94,1
low,13,28,47,158.31,6.82,78,1
low,13,28,48,151.14,7.14,23,1
low,13,28,49,148.28,7.29,10,0
low,13,29,44,169.44,8.85,14,0
low,13,29,45,168.50,8.25,41,1
low,13,29,46,163.86,8.28,66,1
low,13,29,47,160.09,7.34,92,1
low,13,29,48,155.95,7.29,86,1
low,13,29,49,152.65,5.34,45,1
low,13,29,50,148.55,9.08,30,1
low,13,29,51,145.10,4.44,6,0
low,13,29,52,143.78,7.31,5,0
low,13,30,46,167.55,9.50,17,1
low,13,30,47,163.23,7.05,47,1
low,13,30,48,159.18,7.14,85,1
low,13,30,49,156.79,6.60,80,1
low,13,30,50,153.85,10.61,71,1
low,13,30,51,147.29,7.75,40,1
low,13,30,52,145.27,6.31,18,1
low,13,30,53,141.18,4.51,11,0
low,13,30,54,136.44,8.92,5,0
low,13,31,47,157.24,7.57,7,0
low,13,31,48,161.77,5.08,25,1
low,13,31,49,158.52,6.71,47,1
low,13,31,50,153.10,6.82,69,1
low,13,31,51,151.77,7.21,76,1
low,13,31,52,148.52,6.51,48,1
low,13,31,53,145.14,7.08,28,1
low,13,31,54,146.20,9.91,9,0
low,13,31,55,142.76,4.54,8,0
low,13,32,49,157.62,6.99,14,0
low,13,32,50,157.05,7.24,32,1
low,13,32,51,152.99,6.38,63,1
low,13,32,52,149.78,7.93,78,1
low,13,32,53,147.39,7.07,71,1
low,13,32,54,144.58,7.09,42,1
low,13,32,55,144.70,7.33,30,1
low,13,32,56,135.41,8.93,8,0
low,13,32,57,134.55,6.28,5,0
low,13,32,58,135.63,10.46,5,0
low,13,33,51,152.80,7.81,19,1
low,13,33,52,151.91,7.29,45,1
low,13,33,53,148.59,7.29,82,1
low,13,33,54,147.78,7.21,113,1
low,13,33,55,144.28,6.69,119,1
low,13,33,56,141.80,6.17,85,1
low,13,33,57,138.76,6.31,94,1
low,13,33,58,135.57,12.76,31,1
low,13,33,59,125.63,10.43,10,0
low,13,34,54,148.53,9.96,12,0
low,13,34,55,148.33,9.47,27,1
low,13,34,56,145.37,7.96,81,1
low,13,34,57,141.77,6.38,170,1
low,13,34,58,135.64,6.69,162,1
low,13,34,59,131.28,7.48,78,1
low,13,35,57,143.44,7.42,34,1
low,13,35,58,138.18,6.60,131,1
low,13,35,59,132.25,6.43,442,1
low,14,1,1,299.31,16.91,67,1
low,14,1,2,285.88,13.59,105,1
low,14,1,3,277.16,13.99,128,1
low,14,1,4,264.91,12.04,123,1
low,14,1,5,256.78,14.31,66,1
low,14,1,6,252.56,11.92,31,1
low,14,1,7,240.74,14.59,19,1
low,14,2,1,299.99,34.23,6,0
low,14,2,2,316.50,10.68,12,0
low,14,2,3,289.42,15.08,38,1
low,14,2,4,279.57,13.15,91,1
low,14,2,5,269.31,12.65,102,1
low,14,2,6,258.97,11.14,100,1
low,14,2,7,246.40,10.24,53,1
low,14,2,8,239.95,11.87,19,1
low,14,2,9,240.34,3.48,6,0
low,14,3,3,302.58,20.49,8,0
low,14,3,4,292.60,14.86,21,1
low,14,3,5,278.60,16.67,45,1
low,14,3,6,270.13,12.68,96,1
low,14,3,7,263.97,11.05,108,1
low,14,3,8,250.01,11.26,88,1
low,14,3,9,242.33,11.91,37,1
low,14,3,10,235.05,9.67,20,1
low,14,3,11,237.23,23.09,10,0
low,14,4,6,281.01,12.02,28,1
low,14,4,7,275.49,15.72,50,1
low,14,4,8,265.50,12.13,80,1
low,14,4,9,254.53,11.80,101,1
low,14,4,10,244.92,11.56,77,1
low,14,4,11,238.58,9.72,42,1
low,14,4,12,227.51,6.08,5,0
low,14,4,13,222.74,9.68,5,0
low,14,5,6,294.81,29.43,5,0
low,14,5,7,291.50,16.23,14,0
low,14,5,8,277.59,15.91,31,1
low,14,5,9,263.39,12.06,61,1
low,14,5,10,255.46,10.29,88,1
low,14,5,11,246.13,10.60,88,1
low,14,5,12,241.11,10.79,71,1
low,14,5,13,235.25,28.27,28,1
low,14,5,14,227.41,13.06,13,0
low,14,5,15,210.98,8.70,7,0
low,14,6,8,290.95,14.17,8,0
low,14,6,9,281.74,11.14,11,0
low,14,6,10,264.22,13.95,41,1
low,14,6,11,257.75,10.43,72,1
low,14,6,12,247.48,11.15,94,1
low,14,6,13,240.00,10.17,83,1
low,14,6,14,231.34,9.93,58,1
low,14,6,15,226.48,7.72,25,1
low,14,6,16,213.36,6.45,9,0
low,14,6,17,211.85,4.76,7,0
low,14,7,10,266.99,28.86,6,0
low,14,7,11,267.19,10.02,17,1
low,14,7,12,257.33,11.34,36,1
low,14,7,13,249.73,10.62,101,1
low,14,7,14,242.73,11.02,95,1
low,14,7,15,233.78,9.43,50,1
low,14,7,16,227.75,8.74,53,1
low,14,7,17,222.09,7.33,21,1
low,14,7,18,220.67,18.59,6,0
low,14,8,12,266.29,13.58,8,0
low,14,8,13,253.85,19.74,25,1
low,14,8,14,253.23,10.67,53,1
low,14,8,15,240.12,11.08,56,1
low,14,8,16,236.34,10.70,94,1
low,14,8,17,226.49,9.26,69,1
low,14,8,18,223.22,11.23,35,1
low,14,8,19,213.32,11.64,24,1
low,14,8,20,206.44,5.93,7,0
low,14,8,21,211.35,20.79,7,0
low,14,9,13,273.72,23.15,8,0
low,14,9,14,256.58,15.60,11,0
low,14,9,15,247.50,11.20,30,1
low,14,9,16,243.73,10.44,56,1
low,14,9,17,235.28,10.02,86,1
low,14,9,18,229.81,8.96,68,1
low,14,9,19,220.21,9.64,47,1
low,14,9,20,219.90,10.43,42,1
low,14,9,21,210.05,19.52,15,1
low,14,10,16,257.78,8.99,17,1
low,14,10,17,248.70,9.72,29,1
low,14,10,18,237.57,9.56,74,1
low,14,10,19,230.88,8.63,64,1
low,14,10,20,224.04,10.21,64,1
low,14,10,21,217.11,10.68,58,1
low,14,10,22,209.12,7.03,21,1
low,14,10,23,205.20,7.07,15,1
low,14,11,18,244.58,12.77,16,1
low,14,11,19,238.69,11.22,34,1
low,14,11,20,231.81,9.48,73,1
low,14,11,21,224.67,9.91,75,1
low,14,11,22,218.76,9.67,76,1
low,14,11,23,212.04,9.05,47,1
low,14,11,24,207.55,9.31,33,1
low,14,11,25,205.02,9.10,18,1
low,14,12,19,240.87,14.95,13,0
low,14,12,20,237.94,13.05,25,1
low,14,12,21,231.63,11.68,46,1
low,14,12,22,225.70,9.83,67,1
low,14,12,23,219.63,8.48,70,1
low,14,12,24,210.63,16.57,58,1
low,14,12,25,207.35,7.89,38,1
low,14,12,26,201.58,9.01,20,1
low,14,12,27,190.31,8.81,8,0
low,14,13,20,255.44,18.73,6,0
low,14,13,21,239.47,10.81,11,0
low,14,13,22,231.65,9.19,32,1
low,14,13,23,228.69,10.18,44,1
low,14,13,24,220.55,9.90,57,1
low,14,13,25,216.36,11.12,59,1
low,14,13,26,208.78,10.21,55,1
low,14,13,27,202.87,8.66,19,1
low,14,13,28,200.68,9.21,15,1
low,14,13,29,194.13,4.24,5,0
low,14,14,22,231.92,7.45,8,0
low,14,14,23,232.30,11.32,19,1
low,14,14,24,223.83,10.51,32,1
low,14,14,25,219.85,9.72,62,1
low,14,14,26,214.66,11.10,85,1
low,14,14,27,208.22,8.36,51,1
low,14,14,28,205.52,9.12,34,1
low,14,14,29,200.53,11.16,25,1
low,14,14,30,197.72,12.01,14,0
low,14,14,31,192.81,13.16,7,0
low,14,15,24,221.42,11.76,8,0
low,14,15,25,227.28,16.89,13,0
low,14,15,26,222.25,9.03,51,1
low,14,15,27,215.08,9.25,59,1
low,14,15,28,210.73,10.12,69,1
low,14,15,29,205.04,9.29,48,1
low,14,15,30,199.14,8.50,39,1
low,14,15,31,192.77,10.35,25,1
low,14,15,32,195.16,7.51,10,0
low,14,15,33,183.39,6.96,7,0
low,14,16,26,224.78,9.99,7,0
low,14,16,27,223.23,9.15,27,1
low,14,16,28,214.96,8.42,47,1
low,14,16,29,210.91,10.18,67,1
low,14,16,30,205.72,8.71,63,1
low,14,16,31,200.47,8.45,51,1
low,14,16,32,194.04,9.25,42,1
low,14,16,33,191.92,9.23,21,1
low,14,16,34,176.32,5.33,6,0
low,14,17,28,225.79,11.66,15,1
low,14,17,29,221.20,8.92,22,1
low,14,17,30,212.72,9.00,37,1
low,14,17,31,205.19,9.15,61,1
low,14,17,32,202.19,9.43,52,1
low,14,17,33,195.67,10.69,66,1
low,14,17,34,184.32,7.23,21,1
low,14,18,30,214.18,9.03,12,0
low,14,18,31,212.12,8.78,24,1
low,14,18,32,206.16,9.45,40,1
low,14,18,33,199.06,9.41,102,1
low,14,18,34,190.87,9.34,76,1
low,14,18,35,178.37,7.16,14,0
low,14,18,36,174.46,7.24,7,0
low,14,19,31,219.85,7.51,9,0
low,14,19,32,211.65,5.06,5,0
low,14,19,33,201.63,9.76,73,1
low,14,19,34,195.94,8.98,98,1
low,14,19,35,187.27,9.40,51,1
low,14,19,36,177.68,7.34,14,0
low,14,20,32,200.82,16.30,7,0
low,14,20,33,207.97,7.01,26,1
low,14,20,34,198.88,9.01,70,1
low,14,20,35,190.31,8.77,100,1
low,14,20,36,182.73,8.42,38,1
low,14,20,37,173.86,6.85,12,0
low,14,21,34,202.54,10.35,38,1
low,14,21,35,195.40,8.49,89,1
low,14,21,36,188.37,8.67,69,1
low,14,21,37,182.15,8.77,40,1
low,14,21,38,177.94,1.47,6,0
low,14,22,34,214.43,13.66,10,0
low,14,22,35,202.97,11.46,39,1
low,14,22,36,190.43,8.98,94,1
low,14,22,37,184.79,7.49,73,1
low,14,22,38,177.95,12.69,43,1
low,14,22,39,165.82,11.36,7,0
low,14,23,35,202.96,12.07,10,0
low,14,23,36,197.22,7.63,48,1
low,14,23,37,188.33,8.54,77,1
low,14,23,38,181.14,8.13,80,1
low,14,23,39,174.01,9.01,29,1
low,14,23,40,168.28,6.09,12,0
low,14,24,36,199.82,6.52,12,0
low,14,24,37,193.43,10.32,43,1
low,14,24,38,186.08,7.61,74,1
low,14,24,39,177.85,8.35,73,1
low,14,24,40,171.25,8.02,21,1
low,14,24,41,166.06,6.29,9,0
low,14,25,36,195.75,19.94,7,0
low,14,25,37,195.94,13.16,22,1
low,14,25,38,187.77,8.88,71,1
low,14,25,39,182.31,8.68,128,1
low,14,25,40,178.10,7.33,130,1
low,14,25,41,172.19,7.36,72,1
low,14,25,42,162.21,9.54,31,1
low,14,25,43,156.24,4.12,8,0
low,14,26,39,190.07,12.12,41,1
low,14,26,40,181.80,8.95,103,1
low,14,26,41,176.98,7.60,124,1
low,14,26,42,171.02,7.40,117,1
low,14,26,43,165.35,8.93,48,1
low,14,26,44,163.56,7.59,22,1
low,14,26,45,151.76,8.93,11,0
low,14,27,40,186.84,9.38,11,0
low,14,27,41,180.34,9.21,29,1
low,14,27,42,173.66,9.38,79,1
low,14,27,43,171.89,9.02,123,1
low,14,27,44,165.78,8.08,91,1
low,14,27,45,161.00,8.27,35,1
low,14,27,46,155.62,8.59,17,1
low,14,27,47,155.03,17.46,11,0
low,14,28,42,180.86,11.21,12,0
low,14,28,43,174.55,8.99,54,1
low,14,28,44,168.77,7.83,85,1
low,14,28,45,165.39,7.12,78,1
low,14,28,46,160.99,9.16,93,1
low,14,28,47,156.70,7.06,39,1
low,14,28,48,157.22,11.49,16,1
low,14,29,44,176.49,8.63,20,1
low,14,29,45,168.91,8.19,69,1
low,14,29,46,163.71,8.24,109,1
low,14,29,47,159.89,7.29,98,1
low,14,29,48,155.28,7.42,67,1
low,14,29,49,150.94,8.44,27,1
low,14,29,50,148.90,5.68,10,0
low,14,30,45,170.73,6.37,5,0
low,14,30,46,169.12,7.74,43,1
low,14,30,47,165.02,7.33,72,1
low,14,30,48,158.22,7.59,80,1
low,14,30,49,155.73,7.33,79,1
low,14,30,50,153.64,7.51,48,1
low,14,30,51,149.73,6.50,22,1
low,14,30,52,140.63,5.64,6,0
low,14,31,47,163.03,9.31,16,1
low,14,31,48,163.14,7.24,43,1
low,14,31,49,158.93,6.90,64,1
low,14,31,50,154.27,8.06,96,1
low,14,31,51,151.95,7.07,76,1
low,14,31,52,148.94,6.73,41,1
low,14,31,53,142.63,7.00,21,1
low,14,31,54,137.43,2.48,5,0
low,14,31,55,139.38,12.74,6,0
low,14,32,49,161.65,7.82,26,1
low,14,32,50,157.08,7.73,48,1
low,14,32,51,153.83,6.47,76,1
low,14,32,52,151.02,6.34,89,1
low,14,32,53,147.85,6.85,52,1
low,14,32,54,144.53,6.02,27,1
low,14,32,55,138.68,5.35,12,0
low,14,33,50,158.45,7.44,18,1
low,14,33,51,158.32,8.52,35,1
low,14,33,52,153.86,7.25,61,1
low,14,33,53,150.60,7.47,96,1
low,14,33,54,147.86,6.50,115,1
low,14,33,55,145.21,6.69,130,1
low,14,33,56,141.96,6.33,69,1
low,14,33,57,139.67,8.45,71,1
low,14,33,58,134.75,7.53,15,1
low,14,34,53,152.81,6.39,6,0
low,14,34,54,152.41,7.62,28,1
low,14,34,55,147.20,7.67,55,1
low,14,34,56,145.03,7.03,95,1
low,14,34,57,140.62,6.48,226,1
low,14,34,58,136.91,5.06,128,1
low,14,34,59,132.24,7.40,53,1
low,14,35,57,143.78,7.82,59,1
low,14,35,58,138.60,6.53,163,1
low,14,35,59,133.72,6.51,506,1
low,15,1,1,305.29,16.54,126,1
low,15,1,2,289.78,13.27,112,1
low,15,1,3,275.87,10.78,88,1
low,15,1,4,271.13,12.26,53,1
low,15,1,5,258.03,17.08,23,1
low,15,1,6,247.11,13.70,12,0
low,15,2,1,312.65,21.94,10,0
low,15,2,2,308.78,16.07,34,1
low,15,2,3,295.32,14.10,80,1
low,15,2,4,280.83,14.07,95,1
low,15,2,5,271.94,12.54,71,1
low,15,2,6,258.93,12.17,40,1
low,15,2,7,250.28,9.46,17,1
low,15,2,8,277.70,93.05,9,0
low,15,3,2,321.37,22.10,5,0
low,15,3,3,310.06,14.49,18,1
low,15,3,4,294.47,14.67,32,1
low,15,3,5,284.11,13.71,88,1
low,15,3,6,272.33,11.82,83,1
low,15,3,7,260.58,12.32,81,1
low,15,3,8,252.13,13.50,35,1
low,15,3,9,249.66,13.52,18,1
low,15,3,11,241.51,23.54,5,0
low,15,4,4,294.45,17.22,6,0
low,15,4,5,299.74,18.43,30,1
low,15,4,6,285.76,10.71,66,1
low,15,4,7,274.19,11.60,81,1
low,15,4,8,265.29,11.92,95,1
low,15,4,9,255.23,12.50,43,1
low,15,4,10,247.59,11.80,36,1
low,15,4,11,240.49,14.90,13,0
low,15,5,6,296.84,9.54,13,0
low,15,5,7,287.84,11.19,29,1
low,15,5,8,275.30,11.21,55,1
low,15,5,9,264.09,12.55,82,1
low,15,5,10,254.47,9.97,90,1
low,15,5,11,249.94,11.10,45,1
low,15,5,12,241.49,9.84,25,1
low,15,5,13,247.34,24.67,7,0
low,15,6,8,290.72,10.37,14,0
low,15,6,9,276.93,11.30,31,1
low,15,6,10,268.42,11.10,78,1
low,15,6,11,258.26,12.75,61,1
low,15,6,12,248.71,11.61,68,1
low,15,6,13,241.37,11.76,43,1
low,15,6,14,229.80,10.64,14,0
low,15,6,15,225.31,5.72,10,0
low,15,7,9,289.78,28.65,6,0
low,15,7,10,277.60,11.52,16,1
low,15,7,11,273.00,13.29,38,1
low,15,7,12,260.43,10.91,74,1
low,15,7,13,249.48,10.78,79,1
low,15,7,14,241.64,9.14,56,1
low,15,7,15,234.90,10.81,25,1
low,15,7,16,222.30,7.52,14,0
low,15,7,17,227.21,24.74,5,0
low,15,8,11,276.37,10.48,8,0
low,15,8,12,268.62,11.78,21,1
low,15,8,13,258.72,13.38,35,1
low,15,8,14,252.42,14.41,58,1
low,15,8,15,242.40,10.13,63,1
low,15,8,16,236.63,10.13,50,1
low,15,8,17,229.41,12.27,27,1
low,15,8,18,217.47,8.76,12,0
low,15,9,13,275.51,23.49,11,0
low,15,9,14,261.59,13.27,24,1
low,15,9,15,253.58,10.56,50,1
low,15,9,16,246.69,11.26,73,1
low,15,9,17,236.08,10.88,71,1
low,15,9,18,229.22,10.61,41,1
low,15,9,19,224.93,9.59,20,1
low,15,9,20,220.04,16.40,8,0
low,15,10,15,257.88,8.98,17,1
low,15,10,16,256.06,8.60,29,1
low,15,10,17,246.52,11.23,68,1
low,15,10,18,237.21,9.57,84,1
low,15,10,19,230.89,9.46,51,1
low,15,10,20,223.14,7.63,38,1
low,15,10,21,215.06,8.12,13,0
low,15,10,22,218.81,13.19,10,0
low,15,11,16,264.80,17.91,5,0
low,15,11,17,256.56,11.67,15,1
low,15,11,18,248.46,13.71,44,1
low,15,11,19,237.11,9.51,58,1
low,15,11,20,230.72,8.98,58,1
low,15,11,21,223.51,9.11,52,1
low,15,11,22,217.31,8.09,28,1
low,15,11,23,211.97,6.74,17,1
low,15,11,24,219.21,5.20,6,0
low,15,12,18,261.87,16.85,11,0
low,15,12,19,242.60,13.19,30,1
low,15,12,20,240.53,10.36,43,1
low,15,12,21,229.13,8.86,57,1
low,15,12,22,225.43,10.08,51,1
low,15,12,23,219.61,8.04,50,1
low,15,12,24,215.60,9.25,24,1
low,15,12,25,211.98,4.69,13,0
low,15,13,20,248.03,9.60,8,0
low,15,13,21,242.76,11.50,30,1
low,15,13,22,233.41,8.63,42,1
low,15,13,23,228.48,8.95,52,1
low,15,13,24,219.36,9.62,59,1
low,15,13,25,213.56,7.69,30,1
low,15,13,26,210.49,8.52,17,1
low,15,13,27,209.48,10.04,9,0
low,15,14,21,245.45,17.41,9,0
low,15,14,22,244.00,9.81,17,1
low,15,14,23,234.66,10.42,29,1
low,15,14,24,226.44,9.41,39,1
low,15,14,25,222.46,8.36,55,1
low,15,14,26,216.60,8.99,50,1
low,15,14,27,210.74,8.02,39,1
low,15,14,28,201.92,6.70,9,0
low,15,14,30,192.28,5.61,5,0
low,15,15,23,240.89,9.89,6,0
low,15,15,24,235.42,10.09,23,1
low,15,15,25,228.68,8.33,32,1
low,15,15,26,222.63,8.36,48,1
low,15,15,27,213.18,9.00,47,1
low,15,15,28,210.94,7.74,44,1
low,15,15,29,205.49,8.99,28,1
low,15,15,30,196.71,7.06,10,0
low,15,15,31,194.50,9.50,10,0
low,15,15,32,194.16,14.18,9,0
low,15,16,25,233.74,8.95,8,0
low,15,16,26,224.02,10.19,17,1
low,15,16,27,222.55,9.12,39,1
low,15,16,28,215.41,8.06,51,1
low,15,16,29,212.38,7.78,52,1
low,15,16,30,204.78,8.75,48,1
low,15,16,31,202.96,8.64,30,1
low,15,16,32,198.63,6.55,14,0
low,15,16,33,193.32,4.78,8,0
low,15,17,26,236.30,9.87,7,0
low,15,17,27,237.47,7.13,5,0
low,15,17,28,226.13,8.95,17,1
low,15,17,29,216.95,10.15,34,1
low,15,17,30,212.02,9.11,55,1
low,15,17,31,204.54,7.55,50,1
low,15,17,32,202.00,9.35,42,1
low,15,17,33,196.09,9.82,27,1
low,15,17,34,187.14,9.18,8,0
low,15,18,28,227.07,15.54,6,0
low,15,18,29,221.27,9.02,15,1
low,15,18,30,217.23,9.83,21,1
low,15,18,31,212.20,9.07,61,1
low,15,18,32,206.46,7.35,45,1
low,15,18,33,200.78,8.96,80,1
low,15,18,34,190.23,8.34,18,1
low,15,19,30,221.79,7.56,5,0
low,15,19,31,214.44,12.15,15,1
low,15,19,32,211.50,9.05,35,1
low,15,19,33,206.53,9.48,84,1
low,15,19,34,194.44,7.49,61,1
low,15,19,35,190.30,9.43,26,1
low,15,19,36,179.10,7.04,7,0
low,15,20,32,219.33,7.56,17,1
low,15,20,33,211.37,8.71,55,1
low,15,20,34,201.05,9.08,94,1
low,15,20,35,193.82,8.24,53,1
low,15,20,36,184.11,7.86,21,1
low,15,20,37,176.26,9.20,5,0
low,15,21,33,212.63,13.78,19,1
low,15,21,34,205.16,8.26,37,1
low,15,21,35,198.38,8.08,62,1
low,15,21,36,188.50,8.29,50,1
low,15,21,37,181.93,7.84,17,1
low,15,22,34,208.69,8.64,22,1
low,15,22,35,201.49,8.66,53,1
low,15,22,36,194.20,9.58,77,1
low,15,22,37,185.84,8.20,42,1
low,15,22,38,177.45,9.26,11,0
low,15,22,39,184.93,22.02,5,0
low,15,23,35,204.43,8.04,23,1
low,15,23,36,199.14,8.96,58,1
low,15,23,37,190.33,8.55,69,1
low,15,23,38,183.10,7.81,45,1
low,15,23,39,179.87,6.05,8,0
low,15,24,35,201.70,9.78,5,0
low,15,24,36,199.58,10.61,39,1
low,15,24,37,191.94,8.88,72,1
low,15,24,38,186.97,7.61,73,1
low,15,24,39,179.26,7.45,23,1
low,15,24,40,174.57,14.67,10,0
low,15,25,36,203.99,14.84,8,0
low,15,25,37,197.17,9.21,37,1
low,15,25,38,190.92,8.91,117,1
low,15,25,39,184.10,9.28,108,1
low,15,25,40,176.12,8.15,63,1
low,15,25,41,173.83,13.83,42,1
low,15,25,42,163.79,11.40,9,0
low,15,26,38,195.24,11.50,9,0
low,15,26,39,190.84,9.64,61,1
low,15,26,40,183.41,9.07,99,1
low,15,26,41,178.40,8.10,99,1
low,15,26,42,173.30,7.48,71,1
low,15,26,43,167.93,6.72,22,1
low,15,26,44,164.44,7.15,9,0
low,15,27,40,189.35,7.00,18,1
low,15,27,41,183.17,9.01,65,1
low,15,27,42,177.98,7.88,116,1
low,15,27,43,172.61,7.29,95,1
low,15,27,44,167.95,6.27,49,1
low,15,27,45,160.60,6.54,19,1
low,15,28,42,177.86,8.24,16,1
low,15,28,43,176.15,9.23,77,1
low,15,28,44,171.72,7.05,89,1
low,15,28,45,166.10,7.56,74,1
low,15,28,46,162.91,8.20,37,1
low,15,28,47,155.52,8.33,12,0
low,15,29,43,179.67,11.75,8,0
low,15,29,44,174.11,7.99,35,1
low,15,29,45,170.16,6.89,85,1
low,15,29,46,166.10,5.98,98,1
low,15,29,47,161.05,7.25,57,1
low,15,29,48,159.18,6.01,39,1
low,15,29,49,153.61,11.09,12,0
low,15,30,45,176.76,6.99,21,1
low,15,30,46,168.89,8.09,58,1
low,15,30,47,166.54,7.74,79,1
low,15,30,48,161.86,6.58,72,1
low,15,30,49,159.38,7.92,54,1
low,15,30,50,152.63,7.18,21,1
low,15,30,51,148.55,8.10,7,0
low,15,31,46,170.35,7.55,11,0
low,15,31,47,168.78,6.73,25,1
low,15,31,48,165.31,8.19,59,1
low,15,31,49,159.87,7.15,81,1
low,15,31,50,157.72,7.06,64,1
low,15,31,51,152.26,6.20,36,1
low,15,31,52,151.58,9.49,15,1
low,15,31,53,147.11,7.91,6,0
low,15,32,48,164.59,6.41,9,0
low,15,32,49,164.95,7.52,35,1
low,15,32,50,158.08,9.08,58,1
low,15,32,51,156.51,7.09,74,1
low,15,32,52,152.88,5.83,50,1
low,15,32,53,150.33,6.69,29,1
low,15,32,54,147.10,7.34,15,1
low,15,32,55,140.60,4.56,5,0
low,15,33,49,163.80,8.77,10,0
low,15,33,50,162.10,6.87,22,1
low,15,33,51,159.15,8.35,41,1
low,15,33,52,155.58,7.50,73,1
low,15,33,53,153.75,6.31,120,1
low,15,33,54,149.00,6.61,91,1
low,15,33,55,146.53,6.65,80,1
low,15,33,56,143.61,6.75,47,1
low,15,33,57,141.09,6.79,37,1
low,15,33,58,134.50,8.85,7,0
low,15,34,53,156.67,6.49,13,0
low,15,34,54,153.21,6.54,37,1
low,15,34,55,148.68,6.75,64,1
low,15,34,56,147.01,6.36,84,1
low,15,34,57,143.67,6.20,168,1
low,15,34,58,138.52,6.47,68,1
low,15,34,59,132.93,9.20,23,1
low,15,35,55,149.55,5.68,5,0
low,15,35,56,149.08,11.47,14,0
low,15,35,57,143.57,6.77,79,1
low,15,35,58,140.02,8.20,188,1
low,15,35,59,135.57,6.82,390,1
low,16,1,1,320.78,10.95,6,0
low,16,6,10,277.25,10.15,6,0
low,16,9,13,285.17,4.28,6,0
low,16,13,22,252.65,13.69,5,0
low,16,20,33,217.13,7.24,7,0
low,16,22,35,210.99,4.99,5,0
low,16,24,36,210.62,6.09,7,0
low,16,25,37,201.61,3.74,7,0
low,16,26,39,192.55,6.87,9,0
low,16,26,40,190.28,5.57,5,0
low,16,27,41,188.46,4.71,7,0
low,16,30,45,174.90,5.12,7,0
low,16,30,46,177.92,4.95,6,0
low,16,30,47,167.87,4.88,5,0
low,16,31,47,172.46,8.80,10,0
low,16,31,48,170.42,6.71,5,0
low,16,32,51,156.67,6.48,5,0
low,16,34,54,162.28,5.32,5,0
low,16,34,55,157.95,4.48,5,0
low,16,34,56,148.76,4.75,7,0
low,16,35,57,150.58,4.60,8,0
low,16,35,58,144.96,4.37,13,0
low,16,35,59,140.10,8.96,16,1
